entry_id,entry_date,account_code,account_name,debit,credit,description
JE-SUB-0001,2025-12-05,2200,"Deferred Revenue - Current",64263.72,0.00,"Subscription revenue recognition - Batch 1"
JE-SUB-0001,2025-12-05,4000,"Subscription Revenue",0.00,64263.72,"Subscription revenue recognition - Batch 1"
JE-SUB-0002,2025-12-21,2200,"Deferred Revenue - Current",61549.91,0.00,"Subscription revenue recognition - Batch 2"
JE-SUB-0002,2025-12-21,4000,"Subscription Revenue",0.00,61549.91,"Subscription revenue recognition - Batch 2"
JE-SUB-0003,2025-12-05,2200,"Deferred Revenue - Current",54337.04,0.00,"Subscription revenue recognition - Batch 3"
JE-SUB-0003,2025-12-05,4000,"Subscription Revenue",0.00,54337.04,"Subscription revenue recognition - Batch 3"
JE-SUB-0004,2025-12-02,2200,"Deferred Revenue - Current",58894.03,0.00,"Subscription revenue recognition - Batch 4"
JE-SUB-0004,2025-12-02,4000,"Subscription Revenue",0.00,58894.03,"Subscription revenue recognition - Batch 4"
JE-SUB-0005,2025-12-29,2200,"Deferred Revenue - Current",51454.97,0.00,"Subscription revenue recognition - Batch 5"
JE-SUB-0005,2025-12-29,4000,"Subscription Revenue",0.00,51454.97,"Subscription revenue recognition - Batch 5"
JE-SUB-0006,2025-12-23,2200,"Deferred Revenue - Current",66560.72,0.00,"Subscription revenue recognition - Batch 6"
JE-SUB-0006,2025-12-23,4000,"Subscription Revenue",0.00,66560.72,"Subscription revenue recognition - Batch 6"
JE-SUB-0007,2025-12-06,2200,"Deferred Revenue - Current",49448.55,0.00,"Subscription revenue recognition - Batch 7"
JE-SUB-0007,2025-12-06,4000,"Subscription Revenue",0.00,49448.55,"Subscription revenue recognition - Batch 7"
JE-SUB-0008,2025-12-10,2200,"Deferred Revenue - Current",56459.00,0.00,"Subscription revenue recognition - Batch 8"
JE-SUB-0008,2025-12-10,4000,"Subscription Revenue",0.00,56459.00,"Subscription revenue recognition - Batch 8"
JE-SUB-0009,2025-12-28,2200,"Deferred Revenue - Current",50606.42,0.00,"Subscription revenue recognition - Batch 9"
JE-SUB-0009,2025-12-28,4000,"Subscription Revenue",0.00,50606.42,"Subscription revenue recognition - Batch 9"
JE-SUB-0010,2025-12-05,2200,"Deferred Revenue - Current",61205.47,0.00,"Subscription revenue recognition - Batch 10"
JE-SUB-0010,2025-12-05,4000,"Subscription Revenue",0.00,61205.47,"Subscription revenue recognition - Batch 10"
JE-SUB-0011,2025-12-06,2200,"Deferred Revenue - Current",50700.04,0.00,"Subscription revenue recognition - Batch 11"
JE-SUB-0011,2025-12-06,4000,"Subscription Revenue",0.00,50700.04,"Subscription revenue recognition - Batch 11"
JE-SUB-0012,2025-12-06,2200,"Deferred Revenue - Current",54883.87,0.00,"Subscription revenue recognition - Batch 12"
JE-SUB-0012,2025-12-06,4000,"Subscription Revenue",0.00,54883.87,"Subscription revenue recognition - Batch 12"
JE-SUB-0013,2025-12-04,2200,"Deferred Revenue - Current",40088.60,0.00,"Subscription revenue recognition - Batch 13"
JE-SUB-0013,2025-12-04,4000,"Subscription Revenue",0.00,40088.60,"Subscription revenue recognition - Batch 13"
JE-SUB-0014,2025-12-25,2200,"Deferred Revenue - Current",57285.60,0.00,"Subscription revenue recognition - Batch 14"
JE-SUB-0014,2025-12-25,4000,"Subscription Revenue",0.00,57285.60,"Subscription revenue recognition - Batch 14"
JE-SUB-0015,2025-12-19,2200,"Deferred Revenue - Current",59122.61,0.00,"Subscription revenue recognition - Batch 15"
JE-SUB-0015,2025-12-19,4000,"Subscription Revenue",0.00,59122.61,"Subscription revenue recognition - Batch 15"
JE-SUB-0016,2025-12-07,2200,"Deferred Revenue - Current",38251.96,0.00,"Subscription revenue recognition - Batch 16"
JE-SUB-0016,2025-12-07,4000,"Subscription Revenue",0.00,38251.96,"Subscription revenue recognition - Batch 16"
JE-SUB-0017,2025-12-22,2200,"Deferred Revenue - Current",62685.04,0.00,"Subscription revenue recognition - Batch 17"
JE-SUB-0017,2025-12-22,4000,"Subscription Revenue",0.00,62685.04,"Subscription revenue recognition - Batch 17"
JE-SUB-0018,2025-12-31,2200,"Deferred Revenue - Current",40392.34,0.00,"Subscription revenue recognition - Batch 18"
JE-SUB-0018,2025-12-31,4000,"Subscription Revenue",0.00,40392.34,"Subscription revenue recognition - Batch 18"
JE-SUB-0019,2025-12-30,2200,"Deferred Revenue - Current",67981.78,0.00,"Subscription revenue recognition - Batch 19"
JE-SUB-0019,2025-12-30,4000,"Subscription Revenue",0.00,67981.78,"Subscription revenue recognition - Batch 19"
JE-SUB-0020,2025-12-21,2200,"Deferred Revenue - Current",38303.14,0.00,"Subscription revenue recognition - Batch 20"
JE-SUB-0020,2025-12-21,4000,"Subscription Revenue",0.00,38303.14,"Subscription revenue recognition - Batch 20"
JE-SUB-0021,2025-12-13,2200,"Deferred Revenue - Current",44325.43,0.00,"Subscription revenue recognition - Batch 21"
JE-SUB-0021,2025-12-13,4000,"Subscription Revenue",0.00,44325.43,"Subscription revenue recognition - Batch 21"
JE-SUB-0022,2025-12-28,2200,"Deferred Revenue - Current",39299.62,0.00,"Subscription revenue recognition - Batch 22"
JE-SUB-0022,2025-12-28,4000,"Subscription Revenue",0.00,39299.62,"Subscription revenue recognition - Batch 22"
JE-SUB-0023,2025-12-05,2200,"Deferred Revenue - Current",54506.59,0.00,"Subscription revenue recognition - Batch 23"
JE-SUB-0023,2025-12-05,4000,"Subscription Revenue",0.00,54506.59,"Subscription revenue recognition - Batch 23"
JE-SUB-0024,2025-12-06,2200,"Deferred Revenue - Current",51678.57,0.00,"Subscription revenue recognition - Batch 24"
JE-SUB-0024,2025-12-06,4000,"Subscription Revenue",0.00,51678.57,"Subscription revenue recognition - Batch 24"
JE-SUB-0025,2025-12-08,2200,"Deferred Revenue - Current",60555.57,0.00,"Subscription revenue recognition - Batch 25"
JE-SUB-0025,2025-12-08,4000,"Subscription Revenue",0.00,60555.57,"Subscription revenue recognition - Batch 25"
JE-SUB-0026,2025-12-30,2200,"Deferred Revenue - Current",49214.52,0.00,"Subscription revenue recognition - Batch 26"
JE-SUB-0026,2025-12-30,4000,"Subscription Revenue",0.00,49214.52,"Subscription revenue recognition - Batch 26"
JE-SUB-0027,2025-12-21,2200,"Deferred Revenue - Current",50733.25,0.00,"Subscription revenue recognition - Batch 27"
JE-SUB-0027,2025-12-21,4000,"Subscription Revenue",0.00,50733.25,"Subscription revenue recognition - Batch 27"
JE-SUB-0028,2025-12-02,2200,"Deferred Revenue - Current",48769.20,0.00,"Subscription revenue recognition - Batch 28"
JE-SUB-0028,2025-12-02,4000,"Subscription Revenue",0.00,48769.20,"Subscription revenue recognition - Batch 28"
JE-SUB-0029,2025-12-27,2200,"Deferred Revenue - Current",48856.83,0.00,"Subscription revenue recognition - Batch 29"
JE-SUB-0029,2025-12-27,4000,"Subscription Revenue",0.00,48856.83,"Subscription revenue recognition - Batch 29"
JE-SUB-0030,2025-12-25,2200,"Deferred Revenue - Current",47096.87,0.00,"Subscription revenue recognition - Batch 30"
JE-SUB-0030,2025-12-25,4000,"Subscription Revenue",0.00,47096.87,"Subscription revenue recognition - Batch 30"
JE-SUB-0031,2025-12-03,2200,"Deferred Revenue - Current",52822.16,0.00,"Subscription revenue recognition - Batch 31"
JE-SUB-0031,2025-12-03,4000,"Subscription Revenue",0.00,52822.16,"Subscription revenue recognition - Batch 31"
JE-SUB-0032,2025-12-29,2200,"Deferred Revenue - Current",57042.07,0.00,"Subscription revenue recognition - Batch 32"
JE-SUB-0032,2025-12-29,4000,"Subscription Revenue",0.00,57042.07,"Subscription revenue recognition - Batch 32"
JE-SUB-0033,2025-12-07,2200,"Deferred Revenue - Current",61797.15,0.00,"Subscription revenue recognition - Batch 33"
JE-SUB-0033,2025-12-07,4000,"Subscription Revenue",0.00,61797.15,"Subscription revenue recognition - Batch 33"
JE-SUB-0034,2025-12-05,2200,"Deferred Revenue - Current",48933.68,0.00,"Subscription revenue recognition - Batch 34"
JE-SUB-0034,2025-12-05,4000,"Subscription Revenue",0.00,48933.68,"Subscription revenue recognition - Batch 34"
JE-SUB-0035,2025-12-01,2200,"Deferred Revenue - Current",62185.76,0.00,"Subscription revenue recognition - Batch 35"
JE-SUB-0035,2025-12-01,4000,"Subscription Revenue",0.00,62185.76,"Subscription revenue recognition - Batch 35"
JE-SUB-0036,2025-12-28,2200,"Deferred Revenue - Current",65623.78,0.00,"Subscription revenue recognition - Batch 36"
JE-SUB-0036,2025-12-28,4000,"Subscription Revenue",0.00,65623.78,"Subscription revenue recognition - Batch 36"
JE-SUB-0037,2025-12-28,2200,"Deferred Revenue - Current",42187.87,0.00,"Subscription revenue recognition - Batch 37"
JE-SUB-0037,2025-12-28,4000,"Subscription Revenue",0.00,42187.87,"Subscription revenue recognition - Batch 37"
JE-SUB-0038,2025-12-09,2200,"Deferred Revenue - Current",39415.79,0.00,"Subscription revenue recognition - Batch 38"
JE-SUB-0038,2025-12-09,4000,"Subscription Revenue",0.00,39415.79,"Subscription revenue recognition - Batch 38"
JE-SUB-0039,2025-12-07,2200,"Deferred Revenue - Current",49406.09,0.00,"Subscription revenue recognition - Batch 39"
JE-SUB-0039,2025-12-07,4000,"Subscription Revenue",0.00,49406.09,"Subscription revenue recognition - Batch 39"
JE-SUB-0040,2025-12-22,2200,"Deferred Revenue - Current",64680.46,0.00,"Subscription revenue recognition - Batch 40"
JE-SUB-0040,2025-12-22,4000,"Subscription Revenue",0.00,64680.46,"Subscription revenue recognition - Batch 40"
JE-SUB-0041,2025-12-20,2200,"Deferred Revenue - Current",37669.74,0.00,"Subscription revenue recognition - Batch 41"
JE-SUB-0041,2025-12-20,4000,"Subscription Revenue",0.00,37669.74,"Subscription revenue recognition - Batch 41"
JE-SUB-0042,2025-12-13,2200,"Deferred Revenue - Current",48495.08,0.00,"Subscription revenue recognition - Batch 42"
JE-SUB-0042,2025-12-13,4000,"Subscription Revenue",0.00,48495.08,"Subscription revenue recognition - Batch 42"
JE-SUB-0043,2025-12-20,2200,"Deferred Revenue - Current",53060.81,0.00,"Subscription revenue recognition - Batch 43"
JE-SUB-0043,2025-12-20,4000,"Subscription Revenue",0.00,53060.81,"Subscription revenue recognition - Batch 43"
JE-SUB-0044,2025-12-18,2200,"Deferred Revenue - Current",41751.68,0.00,"Subscription revenue recognition - Batch 44"
JE-SUB-0044,2025-12-18,4000,"Subscription Revenue",0.00,41751.68,"Subscription revenue recognition - Batch 44"
JE-SUB-0045,2025-12-11,2200,"Deferred Revenue - Current",46700.49,0.00,"Subscription revenue recognition - Batch 45"
JE-SUB-0045,2025-12-11,4000,"Subscription Revenue",0.00,46700.49,"Subscription revenue recognition - Batch 45"
JE-SUB-0046,2025-12-15,2200,"Deferred Revenue - Current",50408.52,0.00,"Subscription revenue recognition - Batch 46"
JE-SUB-0046,2025-12-15,4000,"Subscription Revenue",0.00,50408.52,"Subscription revenue recognition - Batch 46"
JE-SUB-0047,2025-12-23,2200,"Deferred Revenue - Current",37727.31,0.00,"Subscription revenue recognition - Batch 47"
JE-SUB-0047,2025-12-23,4000,"Subscription Revenue",0.00,37727.31,"Subscription revenue recognition - Batch 47"
JE-SUB-0048,2025-12-16,2200,"Deferred Revenue - Current",40445.29,0.00,"Subscription revenue recognition - Batch 48"
JE-SUB-0048,2025-12-16,4000,"Subscription Revenue",0.00,40445.29,"Subscription revenue recognition - Batch 48"
JE-SUB-0049,2025-12-03,2200,"Deferred Revenue - Current",38992.49,0.00,"Subscription revenue recognition - Batch 49"
JE-SUB-0049,2025-12-03,4000,"Subscription Revenue",0.00,38992.49,"Subscription revenue recognition - Batch 49"
JE-SUB-0050,2025-12-01,2200,"Deferred Revenue - Current",62146.36,0.00,"Subscription revenue recognition - Batch 50"
JE-SUB-0050,2025-12-01,4000,"Subscription Revenue",0.00,62146.36,"Subscription revenue recognition - Batch 50"
JE-SUB-0051,2025-12-16,2200,"Deferred Revenue - Current",44124.12,0.00,"Subscription revenue recognition - Batch 51"
JE-SUB-0051,2025-12-16,4000,"Subscription Revenue",0.00,44124.12,"Subscription revenue recognition - Batch 51"
JE-SUB-0052,2025-12-02,2200,"Deferred Revenue - Current",47146.86,0.00,"Subscription revenue recognition - Batch 52"
JE-SUB-0052,2025-12-02,4000,"Subscription Revenue",0.00,47146.86,"Subscription revenue recognition - Batch 52"
JE-SUB-0053,2025-12-06,2200,"Deferred Revenue - Current",40037.52,0.00,"Subscription revenue recognition - Batch 53"
JE-SUB-0053,2025-12-06,4000,"Subscription Revenue",0.00,40037.52,"Subscription revenue recognition - Batch 53"
JE-SUB-0054,2025-12-12,2200,"Deferred Revenue - Current",49791.86,0.00,"Subscription revenue recognition - Batch 54"
JE-SUB-0054,2025-12-12,4000,"Subscription Revenue",0.00,49791.86,"Subscription revenue recognition - Batch 54"
JE-SUB-0055,2025-12-24,2200,"Deferred Revenue - Current",50799.67,0.00,"Subscription revenue recognition - Batch 55"
JE-SUB-0055,2025-12-24,4000,"Subscription Revenue",0.00,50799.67,"Subscription revenue recognition - Batch 55"
JE-SUB-0056,2025-12-12,2200,"Deferred Revenue - Current",57231.09,0.00,"Subscription revenue recognition - Batch 56"
JE-SUB-0056,2025-12-12,4000,"Subscription Revenue",0.00,57231.09,"Subscription revenue recognition - Batch 56"
JE-SUB-0057,2025-12-31,2200,"Deferred Revenue - Current",57700.11,0.00,"Subscription revenue recognition - Batch 57"
JE-SUB-0057,2025-12-31,4000,"Subscription Revenue",0.00,57700.11,"Subscription revenue recognition - Batch 57"
JE-SUB-0058,2025-12-14,2200,"Deferred Revenue - Current",66130.53,0.00,"Subscription revenue recognition - Batch 58"
JE-SUB-0058,2025-12-14,4000,"Subscription Revenue",0.00,66130.53,"Subscription revenue recognition - Batch 58"
JE-SUB-0059,2025-12-30,2200,"Deferred Revenue - Current",57251.02,0.00,"Subscription revenue recognition - Batch 59"
JE-SUB-0059,2025-12-30,4000,"Subscription Revenue",0.00,57251.02,"Subscription revenue recognition - Batch 59"
JE-SUB-0060,2025-12-04,2200,"Deferred Revenue - Current",42589.53,0.00,"Subscription revenue recognition - Batch 60"
JE-SUB-0060,2025-12-04,4000,"Subscription Revenue",0.00,42589.53,"Subscription revenue recognition - Batch 60"
JE-SUB-0061,2025-12-05,2200,"Deferred Revenue - Current",45594.53,0.00,"Subscription revenue recognition - Batch 61"
JE-SUB-0061,2025-12-05,4000,"Subscription Revenue",0.00,45594.53,"Subscription revenue recognition - Batch 61"
JE-SUB-0062,2025-12-01,2200,"Deferred Revenue - Current",67563.33,0.00,"Subscription revenue recognition - Batch 62"
JE-SUB-0062,2025-12-01,4000,"Subscription Revenue",0.00,67563.33,"Subscription revenue recognition - Batch 62"
JE-SUB-0063,2025-12-11,2200,"Deferred Revenue - Current",57473.01,0.00,"Subscription revenue recognition - Batch 63"
JE-SUB-0063,2025-12-11,4000,"Subscription Revenue",0.00,57473.01,"Subscription revenue recognition - Batch 63"
JE-SUB-0064,2025-12-31,2200,"Deferred Revenue - Current",55540.77,0.00,"Subscription revenue recognition - Batch 64"
JE-SUB-0064,2025-12-31,4000,"Subscription Revenue",0.00,55540.77,"Subscription revenue recognition - Batch 64"
JE-SUB-0065,2025-12-11,2200,"Deferred Revenue - Current",50384.80,0.00,"Subscription revenue recognition - Batch 65"
JE-SUB-0065,2025-12-11,4000,"Subscription Revenue",0.00,50384.80,"Subscription revenue recognition - Batch 65"
JE-SUB-0066,2025-12-06,2200,"Deferred Revenue - Current",44180.91,0.00,"Subscription revenue recognition - Batch 66"
JE-SUB-0066,2025-12-06,4000,"Subscription Revenue",0.00,44180.91,"Subscription revenue recognition - Batch 66"
JE-SUB-0067,2025-12-25,2200,"Deferred Revenue - Current",46117.55,0.00,"Subscription revenue recognition - Batch 67"
JE-SUB-0067,2025-12-25,4000,"Subscription Revenue",0.00,46117.55,"Subscription revenue recognition - Batch 67"
JE-SUB-0068,2025-12-21,2200,"Deferred Revenue - Current",55566.04,0.00,"Subscription revenue recognition - Batch 68"
JE-SUB-0068,2025-12-21,4000,"Subscription Revenue",0.00,55566.04,"Subscription revenue recognition - Batch 68"
JE-SUB-0069,2025-12-03,2200,"Deferred Revenue - Current",37764.98,0.00,"Subscription revenue recognition - Batch 69"
JE-SUB-0069,2025-12-03,4000,"Subscription Revenue",0.00,37764.98,"Subscription revenue recognition - Batch 69"
JE-SUB-0070,2025-12-10,2200,"Deferred Revenue - Current",37040.55,0.00,"Subscription revenue recognition - Batch 70"
JE-SUB-0070,2025-12-10,4000,"Subscription Revenue",0.00,37040.55,"Subscription revenue recognition - Batch 70"
JE-SUB-0071,2025-12-13,2200,"Deferred Revenue - Current",62262.62,0.00,"Subscription revenue recognition - Batch 71"
JE-SUB-0071,2025-12-13,4000,"Subscription Revenue",0.00,62262.62,"Subscription revenue recognition - Batch 71"
JE-SUB-0072,2025-12-03,2200,"Deferred Revenue - Current",65245.20,0.00,"Subscription revenue recognition - Batch 72"
JE-SUB-0072,2025-12-03,4000,"Subscription Revenue",0.00,65245.20,"Subscription revenue recognition - Batch 72"
JE-SUB-0073,2025-12-22,2200,"Deferred Revenue - Current",56411.04,0.00,"Subscription revenue recognition - Batch 73"
JE-SUB-0073,2025-12-22,4000,"Subscription Revenue",0.00,56411.04,"Subscription revenue recognition - Batch 73"
JE-SUB-0074,2025-12-23,2200,"Deferred Revenue - Current",56396.45,0.00,"Subscription revenue recognition - Batch 74"
JE-SUB-0074,2025-12-23,4000,"Subscription Revenue",0.00,56396.45,"Subscription revenue recognition - Batch 74"
JE-SUB-0075,2025-12-28,2200,"Deferred Revenue - Current",43391.35,0.00,"Subscription revenue recognition - Batch 75"
JE-SUB-0075,2025-12-28,4000,"Subscription Revenue",0.00,43391.35,"Subscription revenue recognition - Batch 75"
JE-SUB-0076,2025-12-22,2200,"Deferred Revenue - Current",54349.10,0.00,"Subscription revenue recognition - Batch 76"
JE-SUB-0076,2025-12-22,4000,"Subscription Revenue",0.00,54349.10,"Subscription revenue recognition - Batch 76"
JE-SUB-0077,2025-12-13,2200,"Deferred Revenue - Current",37994.71,0.00,"Subscription revenue recognition - Batch 77"
JE-SUB-0077,2025-12-13,4000,"Subscription Revenue",0.00,37994.71,"Subscription revenue recognition - Batch 77"
JE-SUB-0078,2025-12-07,2200,"Deferred Revenue - Current",52186.41,0.00,"Subscription revenue recognition - Batch 78"
JE-SUB-0078,2025-12-07,4000,"Subscription Revenue",0.00,52186.41,"Subscription revenue recognition - Batch 78"
JE-SUB-0079,2025-12-25,2200,"Deferred Revenue - Current",65163.42,0.00,"Subscription revenue recognition - Batch 79"
JE-SUB-0079,2025-12-25,4000,"Subscription Revenue",0.00,65163.42,"Subscription revenue recognition - Batch 79"
JE-SUB-0080,2025-12-29,2200,"Deferred Revenue - Current",62192.13,0.00,"Subscription revenue recognition - Batch 80"
JE-SUB-0080,2025-12-29,4000,"Subscription Revenue",0.00,62192.13,"Subscription revenue recognition - Batch 80"
JE-SUB-0081,2025-12-27,2200,"Deferred Revenue - Current",52534.26,0.00,"Subscription revenue recognition - Batch 81"
JE-SUB-0081,2025-12-27,4000,"Subscription Revenue",0.00,52534.26,"Subscription revenue recognition - Batch 81"
JE-SUB-0082,2025-12-16,2200,"Deferred Revenue - Current",46254.29,0.00,"Subscription revenue recognition - Batch 82"
JE-SUB-0082,2025-12-16,4000,"Subscription Revenue",0.00,46254.29,"Subscription revenue recognition - Batch 82"
JE-SUB-0083,2025-12-20,2200,"Deferred Revenue - Current",48214.19,0.00,"Subscription revenue recognition - Batch 83"
JE-SUB-0083,2025-12-20,4000,"Subscription Revenue",0.00,48214.19,"Subscription revenue recognition - Batch 83"
JE-SUB-0084,2025-12-12,2200,"Deferred Revenue - Current",41820.40,0.00,"Subscription revenue recognition - Batch 84"
JE-SUB-0084,2025-12-12,4000,"Subscription Revenue",0.00,41820.40,"Subscription revenue recognition - Batch 84"
JE-SUB-0085,2025-12-14,2200,"Deferred Revenue - Current",47175.09,0.00,"Subscription revenue recognition - Batch 85"
JE-SUB-0085,2025-12-14,4000,"Subscription Revenue",0.00,47175.09,"Subscription revenue recognition - Batch 85"
JE-SUB-0086,2025-12-22,2200,"Deferred Revenue - Current",45084.20,0.00,"Subscription revenue recognition - Batch 86"
JE-SUB-0086,2025-12-22,4000,"Subscription Revenue",0.00,45084.20,"Subscription revenue recognition - Batch 86"
JE-SUB-0087,2025-12-14,2200,"Deferred Revenue - Current",53190.07,0.00,"Subscription revenue recognition - Batch 87"
JE-SUB-0087,2025-12-14,4000,"Subscription Revenue",0.00,53190.07,"Subscription revenue recognition - Batch 87"
JE-SUB-0088,2025-12-16,2200,"Deferred Revenue - Current",63683.92,0.00,"Subscription revenue recognition - Batch 88"
JE-SUB-0088,2025-12-16,4000,"Subscription Revenue",0.00,63683.92,"Subscription revenue recognition - Batch 88"
JE-SUB-0089,2025-12-23,2200,"Deferred Revenue - Current",53346.88,0.00,"Subscription revenue recognition - Batch 89"
JE-SUB-0089,2025-12-23,4000,"Subscription Revenue",0.00,53346.88,"Subscription revenue recognition - Batch 89"
JE-SUB-0090,2025-12-02,2200,"Deferred Revenue - Current",50800.66,0.00,"Subscription revenue recognition - Batch 90"
JE-SUB-0090,2025-12-02,4000,"Subscription Revenue",0.00,50800.66,"Subscription revenue recognition - Batch 90"
JE-SUB-0091,2025-12-07,2200,"Deferred Revenue - Current",42756.32,0.00,"Subscription revenue recognition - Batch 91"
JE-SUB-0091,2025-12-07,4000,"Subscription Revenue",0.00,42756.32,"Subscription revenue recognition - Batch 91"
JE-SUB-0092,2025-12-16,2200,"Deferred Revenue - Current",38752.01,0.00,"Subscription revenue recognition - Batch 92"
JE-SUB-0092,2025-12-16,4000,"Subscription Revenue",0.00,38752.01,"Subscription revenue recognition - Batch 92"
JE-SUB-0093,2025-12-10,2200,"Deferred Revenue - Current",40194.64,0.00,"Subscription revenue recognition - Batch 93"
JE-SUB-0093,2025-12-10,4000,"Subscription Revenue",0.00,40194.64,"Subscription revenue recognition - Batch 93"
JE-SUB-0094,2025-12-29,2200,"Deferred Revenue - Current",67471.49,0.00,"Subscription revenue recognition - Batch 94"
JE-SUB-0094,2025-12-29,4000,"Subscription Revenue",0.00,67471.49,"Subscription revenue recognition - Batch 94"
JE-SUB-0095,2025-12-22,2200,"Deferred Revenue - Current",63368.76,0.00,"Subscription revenue recognition - Batch 95"
JE-SUB-0095,2025-12-22,4000,"Subscription Revenue",0.00,63368.76,"Subscription revenue recognition - Batch 95"
JE-SUB-0096,2025-12-30,2200,"Deferred Revenue - Current",67508.25,0.00,"Subscription revenue recognition - Batch 96"
JE-SUB-0096,2025-12-30,4000,"Subscription Revenue",0.00,67508.25,"Subscription revenue recognition - Batch 96"
JE-SUB-0097,2025-12-20,2200,"Deferred Revenue - Current",59492.68,0.00,"Subscription revenue recognition - Batch 97"
JE-SUB-0097,2025-12-20,4000,"Subscription Revenue",0.00,59492.68,"Subscription revenue recognition - Batch 97"
JE-SUB-0098,2025-12-30,2200,"Deferred Revenue - Current",62576.58,0.00,"Subscription revenue recognition - Batch 98"
JE-SUB-0098,2025-12-30,4000,"Subscription Revenue",0.00,62576.58,"Subscription revenue recognition - Batch 98"
JE-SUB-0099,2025-12-25,2200,"Deferred Revenue - Current",44734.41,0.00,"Subscription revenue recognition - Batch 99"
JE-SUB-0099,2025-12-25,4000,"Subscription Revenue",0.00,44734.41,"Subscription revenue recognition - Batch 99"
JE-SUB-0100,2025-12-21,2200,"Deferred Revenue - Current",47110.83,0.00,"Subscription revenue recognition - Batch 100"
JE-SUB-0100,2025-12-21,4000,"Subscription Revenue",0.00,47110.83,"Subscription revenue recognition - Batch 100"
JE-USG-0101,2025-12-10,1120,"Unbilled Receivables",21289.06,0.00,"Usage-based revenue accrual - Cohort 1"
JE-USG-0101,2025-12-10,4010,"Usage-based Revenue",0.00,21289.06,"Usage-based revenue accrual - Cohort 1"
JE-USG-0102,2025-12-16,1120,"Unbilled Receivables",16230.01,0.00,"Usage-based revenue accrual - Cohort 2"
JE-USG-0102,2025-12-16,4010,"Usage-based Revenue",0.00,16230.01,"Usage-based revenue accrual - Cohort 2"
JE-USG-0103,2025-12-18,1120,"Unbilled Receivables",15523.92,0.00,"Usage-based revenue accrual - Cohort 3"
JE-USG-0103,2025-12-18,4010,"Usage-based Revenue",0.00,15523.92,"Usage-based revenue accrual - Cohort 3"
JE-USG-0104,2025-12-16,1120,"Unbilled Receivables",17442.94,0.00,"Usage-based revenue accrual - Cohort 4"
JE-USG-0104,2025-12-16,4010,"Usage-based Revenue",0.00,17442.94,"Usage-based revenue accrual - Cohort 4"
JE-USG-0105,2025-12-05,1120,"Unbilled Receivables",15248.84,0.00,"Usage-based revenue accrual - Cohort 5"
JE-USG-0105,2025-12-05,4010,"Usage-based Revenue",0.00,15248.84,"Usage-based revenue accrual - Cohort 5"
JE-USG-0106,2025-12-21,1120,"Unbilled Receivables",20555.03,0.00,"Usage-based revenue accrual - Cohort 6"
JE-USG-0106,2025-12-21,4010,"Usage-based Revenue",0.00,20555.03,"Usage-based revenue accrual - Cohort 6"
JE-USG-0107,2025-12-10,1120,"Unbilled Receivables",18204.13,0.00,"Usage-based revenue accrual - Cohort 7"
JE-USG-0107,2025-12-10,4010,"Usage-based Revenue",0.00,18204.13,"Usage-based revenue accrual - Cohort 7"
JE-USG-0108,2025-12-13,1120,"Unbilled Receivables",23820.76,0.00,"Usage-based revenue accrual - Cohort 8"
JE-USG-0108,2025-12-13,4010,"Usage-based Revenue",0.00,23820.76,"Usage-based revenue accrual - Cohort 8"
JE-USG-0109,2025-12-05,1120,"Unbilled Receivables",20739.50,0.00,"Usage-based revenue accrual - Cohort 9"
JE-USG-0109,2025-12-05,4010,"Usage-based Revenue",0.00,20739.50,"Usage-based revenue accrual - Cohort 9"
JE-USG-0110,2025-12-04,1120,"Unbilled Receivables",19270.32,0.00,"Usage-based revenue accrual - Cohort 10"
JE-USG-0110,2025-12-04,4010,"Usage-based Revenue",0.00,19270.32,"Usage-based revenue accrual - Cohort 10"
JE-USG-0111,2025-12-10,1120,"Unbilled Receivables",21411.23,0.00,"Usage-based revenue accrual - Cohort 11"
JE-USG-0111,2025-12-10,4010,"Usage-based Revenue",0.00,21411.23,"Usage-based revenue accrual - Cohort 11"
JE-USG-0112,2025-12-28,1120,"Unbilled Receivables",23990.55,0.00,"Usage-based revenue accrual - Cohort 12"
JE-USG-0112,2025-12-28,4010,"Usage-based Revenue",0.00,23990.55,"Usage-based revenue accrual - Cohort 12"
JE-USG-0113,2025-12-22,1120,"Unbilled Receivables",19976.10,0.00,"Usage-based revenue accrual - Cohort 13"
JE-USG-0113,2025-12-22,4010,"Usage-based Revenue",0.00,19976.10,"Usage-based revenue accrual - Cohort 13"
JE-USG-0114,2025-12-02,1120,"Unbilled Receivables",18308.66,0.00,"Usage-based revenue accrual - Cohort 14"
JE-USG-0114,2025-12-02,4010,"Usage-based Revenue",0.00,18308.66,"Usage-based revenue accrual - Cohort 14"
JE-USG-0115,2025-12-07,1120,"Unbilled Receivables",12417.58,0.00,"Usage-based revenue accrual - Cohort 15"
JE-USG-0115,2025-12-07,4010,"Usage-based Revenue",0.00,12417.58,"Usage-based revenue accrual - Cohort 15"
JE-USG-0116,2025-12-22,1120,"Unbilled Receivables",16259.89,0.00,"Usage-based revenue accrual - Cohort 16"
JE-USG-0116,2025-12-22,4010,"Usage-based Revenue",0.00,16259.89,"Usage-based revenue accrual - Cohort 16"
JE-USG-0117,2025-12-18,1120,"Unbilled Receivables",13934.88,0.00,"Usage-based revenue accrual - Cohort 17"
JE-USG-0117,2025-12-18,4010,"Usage-based Revenue",0.00,13934.88,"Usage-based revenue accrual - Cohort 17"
JE-USG-0118,2025-12-20,1120,"Unbilled Receivables",16522.28,0.00,"Usage-based revenue accrual - Cohort 18"
JE-USG-0118,2025-12-20,4010,"Usage-based Revenue",0.00,16522.28,"Usage-based revenue accrual - Cohort 18"
JE-USG-0119,2025-12-27,1120,"Unbilled Receivables",17987.58,0.00,"Usage-based revenue accrual - Cohort 19"
JE-USG-0119,2025-12-27,4010,"Usage-based Revenue",0.00,17987.58,"Usage-based revenue accrual - Cohort 19"
JE-USG-0120,2025-12-24,1120,"Unbilled Receivables",12496.28,0.00,"Usage-based revenue accrual - Cohort 20"
JE-USG-0120,2025-12-24,4010,"Usage-based Revenue",0.00,12496.28,"Usage-based revenue accrual - Cohort 20"
JE-USG-0121,2025-12-27,1120,"Unbilled Receivables",16279.27,0.00,"Usage-based revenue accrual - Cohort 21"
JE-USG-0121,2025-12-27,4010,"Usage-based Revenue",0.00,16279.27,"Usage-based revenue accrual - Cohort 21"
JE-USG-0122,2025-12-23,1120,"Unbilled Receivables",15991.02,0.00,"Usage-based revenue accrual - Cohort 22"
JE-USG-0122,2025-12-23,4010,"Usage-based Revenue",0.00,15991.02,"Usage-based revenue accrual - Cohort 22"
JE-USG-0123,2025-12-02,1120,"Unbilled Receivables",12339.76,0.00,"Usage-based revenue accrual - Cohort 23"
JE-USG-0123,2025-12-02,4010,"Usage-based Revenue",0.00,12339.76,"Usage-based revenue accrual - Cohort 23"
JE-USG-0124,2025-12-05,1120,"Unbilled Receivables",18003.23,0.00,"Usage-based revenue accrual - Cohort 24"
JE-USG-0124,2025-12-05,4010,"Usage-based Revenue",0.00,18003.23,"Usage-based revenue accrual - Cohort 24"
JE-USG-0125,2025-12-02,1120,"Unbilled Receivables",23919.79,0.00,"Usage-based revenue accrual - Cohort 25"
JE-USG-0125,2025-12-02,4010,"Usage-based Revenue",0.00,23919.79,"Usage-based revenue accrual - Cohort 25"
JE-PS-0126,2025-12-21,1100,"Accounts Receivable",40303.20,0.00,"Professional services - Project IMPL-1001"
JE-PS-0126,2025-12-21,4100,"Professional Services Revenue",0.00,40303.20,"Professional services - Project IMPL-1001"
JE-PS-0127,2025-12-05,1100,"Accounts Receivable",22822.01,0.00,"Professional services - Project IMPL-1002"
JE-PS-0127,2025-12-05,4100,"Professional Services Revenue",0.00,22822.01,"Professional services - Project IMPL-1002"
JE-PS-0128,2025-12-18,1100,"Accounts Receivable",56721.88,0.00,"Professional services - Project IMPL-1003"
JE-PS-0128,2025-12-18,4100,"Professional Services Revenue",0.00,56721.88,"Professional services - Project IMPL-1003"
JE-PS-0129,2025-12-30,1100,"Accounts Receivable",30317.81,0.00,"Professional services - Project IMPL-1004"
JE-PS-0129,2025-12-30,4100,"Professional Services Revenue",0.00,30317.81,"Professional services - Project IMPL-1004"
JE-PS-0130,2025-12-15,1100,"Accounts Receivable",22771.59,0.00,"Professional services - Project IMPL-1005"
JE-PS-0130,2025-12-15,4100,"Professional Services Revenue",0.00,22771.59,"Professional services - Project IMPL-1005"
JE-PS-0131,2025-12-07,1100,"Accounts Receivable",42408.89,0.00,"Professional services - Project IMPL-1006"
JE-PS-0131,2025-12-07,4100,"Professional Services Revenue",0.00,42408.89,"Professional services - Project IMPL-1006"
JE-PS-0132,2025-12-02,1100,"Accounts Receivable",44033.88,0.00,"Professional services - Project IMPL-1007"
JE-PS-0132,2025-12-02,4100,"Professional Services Revenue",0.00,44033.88,"Professional services - Project IMPL-1007"
JE-PS-0133,2025-12-24,1100,"Accounts Receivable",32917.45,0.00,"Professional services - Project IMPL-1008"
JE-PS-0133,2025-12-24,4100,"Professional Services Revenue",0.00,32917.45,"Professional services - Project IMPL-1008"
JE-PS-0134,2025-12-12,1100,"Accounts Receivable",44812.24,0.00,"Professional services - Project IMPL-1009"
JE-PS-0134,2025-12-12,4100,"Professional Services Revenue",0.00,44812.24,"Professional services - Project IMPL-1009"
JE-PS-0135,2025-12-17,1100,"Accounts Receivable",33602.35,0.00,"Professional services - Project IMPL-1010"
JE-PS-0135,2025-12-17,4100,"Professional Services Revenue",0.00,33602.35,"Professional services - Project IMPL-1010"
JE-PS-0136,2025-12-24,1100,"Accounts Receivable",49483.19,0.00,"Professional services - Project IMPL-1011"
JE-PS-0136,2025-12-24,4100,"Professional Services Revenue",0.00,49483.19,"Professional services - Project IMPL-1011"
JE-PS-0137,2025-12-31,1100,"Accounts Receivable",25097.63,0.00,"Professional services - Project IMPL-1012"
JE-PS-0137,2025-12-31,4100,"Professional Services Revenue",0.00,25097.63,"Professional services - Project IMPL-1012"
JE-PS-0138,2025-12-01,1100,"Accounts Receivable",50063.86,0.00,"Professional services - Project IMPL-1013"
JE-PS-0138,2025-12-01,4100,"Professional Services Revenue",0.00,50063.86,"Professional services - Project IMPL-1013"
JE-PS-0139,2025-12-19,1100,"Accounts Receivable",52771.73,0.00,"Professional services - Project IMPL-1014"
JE-PS-0139,2025-12-19,4100,"Professional Services Revenue",0.00,52771.73,"Professional services - Project IMPL-1014"
JE-PS-0140,2025-12-16,1100,"Accounts Receivable",30106.25,0.00,"Professional services - Project IMPL-1015"
JE-PS-0140,2025-12-16,4100,"Professional Services Revenue",0.00,30106.25,"Professional services - Project IMPL-1015"
JE-PS-0141,2025-12-14,1100,"Accounts Receivable",51377.82,0.00,"Professional services - Project IMPL-1016"
JE-PS-0141,2025-12-14,4100,"Professional Services Revenue",0.00,51377.82,"Professional services - Project IMPL-1016"
JE-PS-0142,2025-12-19,1100,"Accounts Receivable",33612.49,0.00,"Professional services - Project IMPL-1017"
JE-PS-0142,2025-12-19,4100,"Professional Services Revenue",0.00,33612.49,"Professional services - Project IMPL-1017"
JE-PS-0143,2025-12-02,1100,"Accounts Receivable",34600.54,0.00,"Professional services - Project IMPL-1018"
JE-PS-0143,2025-12-02,4100,"Professional Services Revenue",0.00,34600.54,"Professional services - Project IMPL-1018"
JE-PS-0144,2025-12-22,1100,"Accounts Receivable",55711.87,0.00,"Professional services - Project IMPL-1019"
JE-PS-0144,2025-12-22,4100,"Professional Services Revenue",0.00,55711.87,"Professional services - Project IMPL-1019"
JE-PS-0145,2025-12-02,1100,"Accounts Receivable",31162.56,0.00,"Professional services - Project IMPL-1020"
JE-PS-0145,2025-12-02,4100,"Professional Services Revenue",0.00,31162.56,"Professional services - Project IMPL-1020"
JE-SUP-0146,2025-12-02,2200,"Deferred Revenue - Current",25073.93,0.00,"Support contract revenue recognition - Tier 1"
JE-SUP-0146,2025-12-02,4200,"Support and Maintenance Revenue",0.00,25073.93,"Support contract revenue recognition - Tier 1"
JE-SUP-0147,2025-12-26,2200,"Deferred Revenue - Current",29649.96,0.00,"Support contract revenue recognition - Tier 2"
JE-SUP-0147,2025-12-26,4200,"Support and Maintenance Revenue",0.00,29649.96,"Support contract revenue recognition - Tier 2"
JE-SUP-0148,2025-12-17,2200,"Deferred Revenue - Current",24818.47,0.00,"Support contract revenue recognition - Tier 3"
JE-SUP-0148,2025-12-17,4200,"Support and Maintenance Revenue",0.00,24818.47,"Support contract revenue recognition - Tier 3"
JE-SUP-0149,2025-12-10,2200,"Deferred Revenue - Current",32514.26,0.00,"Support contract revenue recognition - Tier 4"
JE-SUP-0149,2025-12-10,4200,"Support and Maintenance Revenue",0.00,32514.26,"Support contract revenue recognition - Tier 4"
JE-SUP-0150,2025-12-31,2200,"Deferred Revenue - Current",33758.07,0.00,"Support contract revenue recognition - Tier 5"
JE-SUP-0150,2025-12-31,4200,"Support and Maintenance Revenue",0.00,33758.07,"Support contract revenue recognition - Tier 5"
JE-SUP-0151,2025-12-17,2200,"Deferred Revenue - Current",32196.71,0.00,"Support contract revenue recognition - Tier 6"
JE-SUP-0151,2025-12-17,4200,"Support and Maintenance Revenue",0.00,32196.71,"Support contract revenue recognition - Tier 6"
JE-SUP-0152,2025-12-19,2200,"Deferred Revenue - Current",29037.29,0.00,"Support contract revenue recognition - Tier 7"
JE-SUP-0152,2025-12-19,4200,"Support and Maintenance Revenue",0.00,29037.29,"Support contract revenue recognition - Tier 7"
JE-SUP-0153,2025-12-09,2200,"Deferred Revenue - Current",25286.41,0.00,"Support contract revenue recognition - Tier 8"
JE-SUP-0153,2025-12-09,4200,"Support and Maintenance Revenue",0.00,25286.41,"Support contract revenue recognition - Tier 8"
JE-SUP-0154,2025-12-07,2200,"Deferred Revenue - Current",33058.87,0.00,"Support contract revenue recognition - Tier 9"
JE-SUP-0154,2025-12-07,4200,"Support and Maintenance Revenue",0.00,33058.87,"Support contract revenue recognition - Tier 9"
JE-SUP-0155,2025-12-29,2200,"Deferred Revenue - Current",27917.78,0.00,"Support contract revenue recognition - Tier 10"
JE-SUP-0155,2025-12-29,4200,"Support and Maintenance Revenue",0.00,27917.78,"Support contract revenue recognition - Tier 10"
JE-COLL-0156,2025-12-02,1000,"Cash and Cash Equivalents",123360.89,0.00,"Customer payment received - Batch 1"
JE-COLL-0156,2025-12-02,1100,"Accounts Receivable",0.00,123360.89,"Customer payment received - Batch 1"
JE-COLL-0157,2025-12-24,1000,"Cash and Cash Equivalents",147883.50,0.00,"Customer payment received - Batch 2"
JE-COLL-0157,2025-12-24,1100,"Accounts Receivable",0.00,147883.50,"Customer payment received - Batch 2"
JE-COLL-0158,2025-12-11,1000,"Cash and Cash Equivalents",114840.59,0.00,"Customer payment received - Batch 3"
JE-COLL-0158,2025-12-11,1100,"Accounts Receivable",0.00,114840.59,"Customer payment received - Batch 3"
JE-COLL-0159,2025-12-09,1000,"Cash and Cash Equivalents",144135.74,0.00,"Customer payment received - Batch 4"
JE-COLL-0159,2025-12-09,1100,"Accounts Receivable",0.00,144135.74,"Customer payment received - Batch 4"
JE-COLL-0160,2025-12-04,1000,"Cash and Cash Equivalents",139629.43,0.00,"Customer payment received - Batch 5"
JE-COLL-0160,2025-12-04,1100,"Accounts Receivable",0.00,139629.43,"Customer payment received - Batch 5"
JE-COLL-0161,2025-12-21,1000,"Cash and Cash Equivalents",166162.17,0.00,"Customer payment received - Batch 6"
JE-COLL-0161,2025-12-21,1100,"Accounts Receivable",0.00,166162.17,"Customer payment received - Batch 6"
JE-COLL-0162,2025-12-14,1000,"Cash and Cash Equivalents",103671.60,0.00,"Customer payment received - Batch 7"
JE-COLL-0162,2025-12-14,1100,"Accounts Receivable",0.00,103671.60,"Customer payment received - Batch 7"
JE-COLL-0163,2025-12-22,1000,"Cash and Cash Equivalents",98809.24,0.00,"Customer payment received - Batch 8"
JE-COLL-0163,2025-12-22,1100,"Accounts Receivable",0.00,98809.24,"Customer payment received - Batch 8"
JE-COLL-0164,2025-12-09,1000,"Cash and Cash Equivalents",114537.93,0.00,"Customer payment received - Batch 9"
JE-COLL-0164,2025-12-09,1100,"Accounts Receivable",0.00,114537.93,"Customer payment received - Batch 9"
JE-COLL-0165,2025-12-05,1000,"Cash and Cash Equivalents",127221.30,0.00,"Customer payment received - Batch 10"
JE-COLL-0165,2025-12-05,1100,"Accounts Receivable",0.00,127221.30,"Customer payment received - Batch 10"
JE-COLL-0166,2025-12-21,1000,"Cash and Cash Equivalents",195152.20,0.00,"Customer payment received - Batch 11"
JE-COLL-0166,2025-12-21,1100,"Accounts Receivable",0.00,195152.20,"Customer payment received - Batch 11"
JE-COLL-0167,2025-12-10,1000,"Cash and Cash Equivalents",138267.84,0.00,"Customer payment received - Batch 12"
JE-COLL-0167,2025-12-10,1100,"Accounts Receivable",0.00,138267.84,"Customer payment received - Batch 12"
JE-COLL-0168,2025-12-10,1000,"Cash and Cash Equivalents",121648.03,0.00,"Customer payment received - Batch 13"
JE-COLL-0168,2025-12-10,1100,"Accounts Receivable",0.00,121648.03,"Customer payment received - Batch 13"
JE-COLL-0169,2025-12-17,1000,"Cash and Cash Equivalents",114597.22,0.00,"Customer payment received - Batch 14"
JE-COLL-0169,2025-12-17,1100,"Accounts Receivable",0.00,114597.22,"Customer payment received - Batch 14"
JE-COLL-0170,2025-12-17,1000,"Cash and Cash Equivalents",104749.54,0.00,"Customer payment received - Batch 15"
JE-COLL-0170,2025-12-17,1100,"Accounts Receivable",0.00,104749.54,"Customer payment received - Batch 15"
JE-COLL-0171,2025-12-18,1000,"Cash and Cash Equivalents",109085.15,0.00,"Customer payment received - Batch 16"
JE-COLL-0171,2025-12-18,1100,"Accounts Receivable",0.00,109085.15,"Customer payment received - Batch 16"
JE-COLL-0172,2025-12-25,1000,"Cash and Cash Equivalents",188267.47,0.00,"Customer payment received - Batch 17"
JE-COLL-0172,2025-12-25,1100,"Accounts Receivable",0.00,188267.47,"Customer payment received - Batch 17"
JE-COLL-0173,2025-12-17,1000,"Cash and Cash Equivalents",131619.33,0.00,"Customer payment received - Batch 18"
JE-COLL-0173,2025-12-17,1100,"Accounts Receivable",0.00,131619.33,"Customer payment received - Batch 18"
JE-COLL-0174,2025-12-07,1000,"Cash and Cash Equivalents",181489.44,0.00,"Customer payment received - Batch 19"
JE-COLL-0174,2025-12-07,1100,"Accounts Receivable",0.00,181489.44,"Customer payment received - Batch 19"
JE-COLL-0175,2025-12-21,1000,"Cash and Cash Equivalents",144492.56,0.00,"Customer payment received - Batch 20"
JE-COLL-0175,2025-12-21,1100,"Accounts Receivable",0.00,144492.56,"Customer payment received - Batch 20"
JE-COLL-0176,2025-12-24,1000,"Cash and Cash Equivalents",121809.55,0.00,"Customer payment received - Batch 21"
JE-COLL-0176,2025-12-24,1100,"Accounts Receivable",0.00,121809.55,"Customer payment received - Batch 21"
JE-COLL-0177,2025-12-02,1000,"Cash and Cash Equivalents",174189.00,0.00,"Customer payment received - Batch 22"
JE-COLL-0177,2025-12-02,1100,"Accounts Receivable",0.00,174189.00,"Customer payment received - Batch 22"
JE-COLL-0178,2025-12-15,1000,"Cash and Cash Equivalents",103958.54,0.00,"Customer payment received - Batch 23"
JE-COLL-0178,2025-12-15,1100,"Accounts Receivable",0.00,103958.54,"Customer payment received - Batch 23"
JE-COLL-0179,2025-12-31,1000,"Cash and Cash Equivalents",97443.31,0.00,"Customer payment received - Batch 24"
JE-COLL-0179,2025-12-31,1100,"Accounts Receivable",0.00,97443.31,"Customer payment received - Batch 24"
JE-COLL-0180,2025-12-24,1000,"Cash and Cash Equivalents",208358.26,0.00,"Customer payment received - Batch 25"
JE-COLL-0180,2025-12-24,1100,"Accounts Receivable",0.00,208358.26,"Customer payment received - Batch 25"
JE-COLL-0181,2025-12-02,1000,"Cash and Cash Equivalents",211007.22,0.00,"Customer payment received - Batch 26"
JE-COLL-0181,2025-12-02,1100,"Accounts Receivable",0.00,211007.22,"Customer payment received - Batch 26"
JE-COLL-0182,2025-12-23,1000,"Cash and Cash Equivalents",137617.44,0.00,"Customer payment received - Batch 27"
JE-COLL-0182,2025-12-23,1100,"Accounts Receivable",0.00,137617.44,"Customer payment received - Batch 27"
JE-COLL-0183,2025-12-28,1000,"Cash and Cash Equivalents",147846.85,0.00,"Customer payment received - Batch 28"
JE-COLL-0183,2025-12-28,1100,"Accounts Receivable",0.00,147846.85,"Customer payment received - Batch 28"
JE-COLL-0184,2025-12-24,1000,"Cash and Cash Equivalents",208301.73,0.00,"Customer payment received - Batch 29"
JE-COLL-0184,2025-12-24,1100,"Accounts Receivable",0.00,208301.73,"Customer payment received - Batch 29"
JE-COLL-0185,2025-12-25,1000,"Cash and Cash Equivalents",144634.76,0.00,"Customer payment received - Batch 30"
JE-COLL-0185,2025-12-25,1100,"Accounts Receivable",0.00,144634.76,"Customer payment received - Batch 30"
JE-COLL-0186,2025-12-09,1000,"Cash and Cash Equivalents",141666.50,0.00,"Customer payment received - Batch 31"
JE-COLL-0186,2025-12-09,1100,"Accounts Receivable",0.00,141666.50,"Customer payment received - Batch 31"
JE-COLL-0187,2025-12-06,1000,"Cash and Cash Equivalents",94614.13,0.00,"Customer payment received - Batch 32"
JE-COLL-0187,2025-12-06,1100,"Accounts Receivable",0.00,94614.13,"Customer payment received - Batch 32"
JE-COLL-0188,2025-12-12,1000,"Cash and Cash Equivalents",148142.45,0.00,"Customer payment received - Batch 33"
JE-COLL-0188,2025-12-12,1100,"Accounts Receivable",0.00,148142.45,"Customer payment received - Batch 33"
JE-COLL-0189,2025-12-24,1000,"Cash and Cash Equivalents",139666.88,0.00,"Customer payment received - Batch 34"
JE-COLL-0189,2025-12-24,1100,"Accounts Receivable",0.00,139666.88,"Customer payment received - Batch 34"
JE-COLL-0190,2025-12-19,1000,"Cash and Cash Equivalents",168682.08,0.00,"Customer payment received - Batch 35"
JE-COLL-0190,2025-12-19,1100,"Accounts Receivable",0.00,168682.08,"Customer payment received - Batch 35"
JE-COLL-0191,2025-12-05,1000,"Cash and Cash Equivalents",179934.08,0.00,"Customer payment received - Batch 36"
JE-COLL-0191,2025-12-05,1100,"Accounts Receivable",0.00,179934.08,"Customer payment received - Batch 36"
JE-COLL-0192,2025-12-18,1000,"Cash and Cash Equivalents",146602.60,0.00,"Customer payment received - Batch 37"
JE-COLL-0192,2025-12-18,1100,"Accounts Receivable",0.00,146602.60,"Customer payment received - Batch 37"
JE-COLL-0193,2025-12-16,1000,"Cash and Cash Equivalents",137590.27,0.00,"Customer payment received - Batch 38"
JE-COLL-0193,2025-12-16,1100,"Accounts Receivable",0.00,137590.27,"Customer payment received - Batch 38"
JE-COLL-0194,2025-12-04,1000,"Cash and Cash Equivalents",138858.74,0.00,"Customer payment received - Batch 39"
JE-COLL-0194,2025-12-04,1100,"Accounts Receivable",0.00,138858.74,"Customer payment received - Batch 39"
JE-COLL-0195,2025-12-02,1000,"Cash and Cash Equivalents",139750.11,0.00,"Customer payment received - Batch 40"
JE-COLL-0195,2025-12-02,1100,"Accounts Receivable",0.00,139750.11,"Customer payment received - Batch 40"
JE-BOOK-0196,2025-12-21,1100,"Accounts Receivable",111521.28,0.00,"New subscription booking - Deal 2001"
JE-BOOK-0196,2025-12-21,2200,"Deferred Revenue - Current",0.00,111521.28,"New subscription booking - Deal 2001"
JE-BOOK-0197,2025-12-04,1100,"Accounts Receivable",266759.78,0.00,"New subscription booking - Deal 2002"
JE-BOOK-0197,2025-12-04,2200,"Deferred Revenue - Current",0.00,266759.78,"New subscription booking - Deal 2002"
JE-BOOK-0198,2025-12-07,1100,"Accounts Receivable",242232.91,0.00,"New subscription booking - Deal 2003"
JE-BOOK-0198,2025-12-07,2200,"Deferred Revenue - Current",0.00,242232.91,"New subscription booking - Deal 2003"
JE-BOOK-0199,2025-12-29,1100,"Accounts Receivable",260275.67,0.00,"New subscription booking - Deal 2004"
JE-BOOK-0199,2025-12-29,2200,"Deferred Revenue - Current",0.00,260275.67,"New subscription booking - Deal 2004"
JE-BOOK-0200,2025-12-22,1100,"Accounts Receivable",131305.25,0.00,"New subscription booking - Deal 2005"
JE-BOOK-0200,2025-12-22,2200,"Deferred Revenue - Current",0.00,131305.25,"New subscription booking - Deal 2005"
JE-BOOK-0201,2025-12-08,1100,"Accounts Receivable",211646.97,0.00,"New subscription booking - Deal 2006"
JE-BOOK-0201,2025-12-08,2200,"Deferred Revenue - Current",0.00,211646.97,"New subscription booking - Deal 2006"
JE-BOOK-0202,2025-12-11,1100,"Accounts Receivable",293336.55,0.00,"New subscription booking - Deal 2007"
JE-BOOK-0202,2025-12-11,2200,"Deferred Revenue - Current",0.00,293336.55,"New subscription booking - Deal 2007"
JE-BOOK-0203,2025-12-29,1100,"Accounts Receivable",113495.82,0.00,"New subscription booking - Deal 2008"
JE-BOOK-0203,2025-12-29,2200,"Deferred Revenue - Current",0.00,113495.82,"New subscription booking - Deal 2008"
JE-BOOK-0204,2025-12-26,1100,"Accounts Receivable",258870.89,0.00,"New subscription booking - Deal 2009"
JE-BOOK-0204,2025-12-26,2200,"Deferred Revenue - Current",0.00,258870.89,"New subscription booking - Deal 2009"
JE-BOOK-0205,2025-12-07,1100,"Accounts Receivable",147502.86,0.00,"New subscription booking - Deal 2010"
JE-BOOK-0205,2025-12-07,2200,"Deferred Revenue - Current",0.00,147502.86,"New subscription booking - Deal 2010"
JE-BOOK-0206,2025-12-15,1100,"Accounts Receivable",292400.74,0.00,"New subscription booking - Deal 2011"
JE-BOOK-0206,2025-12-15,2200,"Deferred Revenue - Current",0.00,292400.74,"New subscription booking - Deal 2011"
JE-BOOK-0207,2025-12-13,1100,"Accounts Receivable",237001.36,0.00,"New subscription booking - Deal 2012"
JE-BOOK-0207,2025-12-13,2200,"Deferred Revenue - Current",0.00,237001.36,"New subscription booking - Deal 2012"
JE-BOOK-0208,2025-12-15,1100,"Accounts Receivable",282722.25,0.00,"New subscription booking - Deal 2013"
JE-BOOK-0208,2025-12-15,2200,"Deferred Revenue - Current",0.00,282722.25,"New subscription booking - Deal 2013"
JE-BOOK-0209,2025-12-13,1100,"Accounts Receivable",106177.18,0.00,"New subscription booking - Deal 2014"
JE-BOOK-0209,2025-12-13,2200,"Deferred Revenue - Current",0.00,106177.18,"New subscription booking - Deal 2014"
JE-BOOK-0210,2025-12-09,1100,"Accounts Receivable",244050.55,0.00,"New subscription booking - Deal 2015"
JE-BOOK-0210,2025-12-09,2200,"Deferred Revenue - Current",0.00,244050.55,"New subscription booking - Deal 2015"
JE-BOOK-0211,2025-12-12,1100,"Accounts Receivable",202669.55,0.00,"New subscription booking - Deal 2016"
JE-BOOK-0211,2025-12-12,2200,"Deferred Revenue - Current",0.00,202669.55,"New subscription booking - Deal 2016"
JE-BOOK-0212,2025-12-25,1100,"Accounts Receivable",243278.88,0.00,"New subscription booking - Deal 2017"
JE-BOOK-0212,2025-12-25,2200,"Deferred Revenue - Current",0.00,243278.88,"New subscription booking - Deal 2017"
JE-BOOK-0213,2025-12-22,1100,"Accounts Receivable",209011.06,0.00,"New subscription booking - Deal 2018"
JE-BOOK-0213,2025-12-22,2200,"Deferred Revenue - Current",0.00,209011.06,"New subscription booking - Deal 2018"
JE-BOOK-0214,2025-12-26,1100,"Accounts Receivable",229126.77,0.00,"New subscription booking - Deal 2019"
JE-BOOK-0214,2025-12-26,2200,"Deferred Revenue - Current",0.00,229126.77,"New subscription booking - Deal 2019"
JE-BOOK-0215,2025-12-21,1100,"Accounts Receivable",160801.95,0.00,"New subscription booking - Deal 2020"
JE-BOOK-0215,2025-12-21,2200,"Deferred Revenue - Current",0.00,160801.95,"New subscription booking - Deal 2020"
JE-BOOK-0216,2025-12-17,1100,"Accounts Receivable",153650.41,0.00,"New subscription booking - Deal 2021"
JE-BOOK-0216,2025-12-17,2200,"Deferred Revenue - Current",0.00,153650.41,"New subscription booking - Deal 2021"
JE-BOOK-0217,2025-12-16,1100,"Accounts Receivable",274832.86,0.00,"New subscription booking - Deal 2022"
JE-BOOK-0217,2025-12-16,2200,"Deferred Revenue - Current",0.00,274832.86,"New subscription booking - Deal 2022"
JE-BOOK-0218,2025-12-02,1100,"Accounts Receivable",152487.28,0.00,"New subscription booking - Deal 2023"
JE-BOOK-0218,2025-12-02,2200,"Deferred Revenue - Current",0.00,152487.28,"New subscription booking - Deal 2023"
JE-BOOK-0219,2025-12-05,1100,"Accounts Receivable",196462.55,0.00,"New subscription booking - Deal 2024"
JE-BOOK-0219,2025-12-05,2200,"Deferred Revenue - Current",0.00,196462.55,"New subscription booking - Deal 2024"
JE-BOOK-0220,2025-12-16,1100,"Accounts Receivable",297104.46,0.00,"New subscription booking - Deal 2025"
JE-BOOK-0220,2025-12-16,2200,"Deferred Revenue - Current",0.00,297104.46,"New subscription booking - Deal 2025"
JE-BOOK-0221,2025-12-13,1100,"Accounts Receivable",239296.02,0.00,"New subscription booking - Deal 2026"
JE-BOOK-0221,2025-12-13,2200,"Deferred Revenue - Current",0.00,239296.02,"New subscription booking - Deal 2026"
JE-BOOK-0222,2025-12-20,1100,"Accounts Receivable",156375.59,0.00,"New subscription booking - Deal 2027"
JE-BOOK-0222,2025-12-20,2200,"Deferred Revenue - Current",0.00,156375.59,"New subscription booking - Deal 2027"
JE-BOOK-0223,2025-12-26,1100,"Accounts Receivable",257609.89,0.00,"New subscription booking - Deal 2028"
JE-BOOK-0223,2025-12-26,2200,"Deferred Revenue - Current",0.00,257609.89,"New subscription booking - Deal 2028"
JE-BOOK-0224,2025-12-27,1100,"Accounts Receivable",258762.86,0.00,"New subscription booking - Deal 2029"
JE-BOOK-0224,2025-12-27,2200,"Deferred Revenue - Current",0.00,258762.86,"New subscription booking - Deal 2029"
JE-BOOK-0225,2025-12-21,1100,"Accounts Receivable",195867.97,0.00,"New subscription booking - Deal 2030"
JE-BOOK-0225,2025-12-21,2200,"Deferred Revenue - Current",0.00,195867.97,"New subscription booking - Deal 2030"
JE-HOST-0226,2025-12-31,5000,"COGS - Hosting and Infrastructure",57200.21,0.00,"Cloud hosting - AWS"
JE-HOST-0226,2025-12-31,2000,"Accounts Payable",0.00,57200.21,"Cloud hosting - AWS"
JE-HOST-0227,2025-12-08,5000,"COGS - Hosting and Infrastructure",101808.36,0.00,"Cloud hosting - GCP"
JE-HOST-0227,2025-12-08,2000,"Accounts Payable",0.00,101808.36,"Cloud hosting - GCP"
JE-HOST-0228,2025-12-10,5000,"COGS - Hosting and Infrastructure",40285.26,0.00,"Cloud hosting - Cloudflare"
JE-HOST-0228,2025-12-10,2000,"Accounts Payable",0.00,40285.26,"Cloud hosting - Cloudflare"
JE-HOST-0229,2025-12-15,5000,"COGS - Hosting and Infrastructure",68339.95,0.00,"Cloud hosting - Datadog"
JE-HOST-0229,2025-12-15,2000,"Accounts Payable",0.00,68339.95,"Cloud hosting - Datadog"
JE-HOST-0230,2025-12-18,5000,"COGS - Hosting and Infrastructure",121859.12,0.00,"Cloud hosting - Snowflake"
JE-HOST-0230,2025-12-18,2000,"Accounts Payable",0.00,121859.12,"Cloud hosting - Snowflake"
JE-HOST-0231,2025-12-22,5000,"COGS - Hosting and Infrastructure",73532.42,0.00,"Cloud hosting - MongoDB Atlas"
JE-HOST-0231,2025-12-22,2000,"Accounts Payable",0.00,73532.42,"Cloud hosting - MongoDB Atlas"
JE-HOST-0232,2025-12-19,5000,"COGS - Hosting and Infrastructure",132625.24,0.00,"Cloud hosting - Redis Cloud"
JE-HOST-0232,2025-12-19,2000,"Accounts Payable",0.00,132625.24,"Cloud hosting - Redis Cloud"
JE-HOST-0233,2025-12-11,5000,"COGS - Hosting and Infrastructure",83183.48,0.00,"Cloud hosting - Fastly"
JE-HOST-0233,2025-12-11,2000,"Accounts Payable",0.00,83183.48,"Cloud hosting - Fastly"
JE-API-0234,2025-12-16,5010,"COGS - Data and Third-party APIs",89868.63,0.00,"API/data vendor - Twilio"
JE-API-0234,2025-12-16,2000,"Accounts Payable",0.00,89868.63,"API/data vendor - Twilio"
JE-API-0235,2025-12-18,5010,"COGS - Data and Third-party APIs",51511.05,0.00,"API/data vendor - SendGrid"
JE-API-0235,2025-12-18,2000,"Accounts Payable",0.00,51511.05,"API/data vendor - SendGrid"
JE-API-0236,2025-12-30,5010,"COGS - Data and Third-party APIs",84208.05,0.00,"API/data vendor - Stripe"
JE-API-0236,2025-12-30,2000,"Accounts Payable",0.00,84208.05,"API/data vendor - Stripe"
JE-API-0237,2025-12-24,5010,"COGS - Data and Third-party APIs",35958.68,0.00,"API/data vendor - Plaid"
JE-API-0237,2025-12-24,2000,"Accounts Payable",0.00,35958.68,"API/data vendor - Plaid"
JE-API-0238,2025-12-02,5010,"COGS - Data and Third-party APIs",96316.40,0.00,"API/data vendor - Clearbit"
JE-API-0238,2025-12-02,2000,"Accounts Payable",0.00,96316.40,"API/data vendor - Clearbit"
JE-API-0239,2025-12-05,5010,"COGS - Data and Third-party APIs",24108.54,0.00,"API/data vendor - ZoomInfo"
JE-API-0239,2025-12-05,2000,"Accounts Payable",0.00,24108.54,"API/data vendor - ZoomInfo"
JE-CSUP-0240,2025-12-15,5100,"COGS - Customer Support",535537.79,0.00,"Customer support team - monthly allocation"
JE-CSUP-0240,2025-12-15,2100,"Accrued Compensation",0.00,535537.79,"Customer support team - monthly allocation"
JE-PSD-0241,2025-12-15,5110,"COGS - Professional Services Delivery",391161.36,0.00,"PS delivery team - monthly allocation"
JE-PSD-0241,2025-12-15,2100,"Accrued Compensation",0.00,391161.36,"PS delivery team - monthly allocation"
JE-COH-0242,2025-12-28,5200,"COGS - Allocated Overhead",105764.77,0.00,"COGS allocated overhead"
JE-COH-0242,2025-12-28,2050,"Accrued Expenses",0.00,105764.77,"COGS allocated overhead"
JE-PAY-0245,2025-12-15,6000,"R&D - Salaries and Benefits",581749.03,0.00,"R&D salaries and benefits"
JE-PAY-0245,2025-12-15,7000,"S&M - Salaries and Benefits",455367.19,0.00,"S&M salaries and benefits"
JE-PAY-0245,2025-12-15,8000,"G&A - Salaries and Benefits",282261.69,0.00,"G&A salaries and benefits"
JE-PAY-0245,2025-12-15,2110,"Accrued Payroll Taxes",0.00,112147.12,"Payroll tax accrual"
JE-PAY-0245,2025-12-15,2120,"Accrued Benefits",0.00,158325.35,"Benefits accrual"
JE-PAY-0245,2025-12-15,1000,"Cash and Cash Equivalents",0.00,1048905.44,"Net payroll disbursement"
JE-PAY-0246,2025-12-28,6000,"R&D - Salaries and Benefits",611803.48,0.00,"R&D salaries and benefits"
JE-PAY-0246,2025-12-28,7000,"S&M - Salaries and Benefits",442941.11,0.00,"S&M salaries and benefits"
JE-PAY-0246,2025-12-28,8000,"G&A - Salaries and Benefits",309330.44,0.00,"G&A salaries and benefits"
JE-PAY-0246,2025-12-28,2110,"Accrued Payroll Taxes",0.00,115946.38,"Payroll tax accrual"
JE-PAY-0246,2025-12-28,2120,"Accrued Benefits",0.00,163689.00,"Benefits accrual"
JE-PAY-0246,2025-12-28,1000,"Cash and Cash Equivalents",0.00,1084439.65,"Net payroll disbursement"
JE-SBC-0247,2025-12-28,6010,"R&D - Stock-based Compensation",93822.26,0.00,"R&D stock-based compensation"
JE-SBC-0247,2025-12-28,7010,"S&M - Stock-based Compensation",51410.20,0.00,"S&M stock-based compensation"
JE-SBC-0247,2025-12-28,8010,"G&A - Stock-based Compensation",30577.41,0.00,"G&A stock-based compensation"
JE-SBC-0247,2025-12-28,3100,"Additional Paid-in Capital",0.00,175809.87,"APIC - stock-based compensation"
JE-RDC-0248,2025-12-19,6100,"R&D - Contractors",14384.56,0.00,"R&D contractor - Engagement ENG-3001"
JE-RDC-0248,2025-12-19,2000,"Accounts Payable",0.00,14384.56,"R&D contractor - Engagement ENG-3001"
JE-RDC-0249,2025-12-12,6100,"R&D - Contractors",32434.69,0.00,"R&D contractor - Engagement ENG-3002"
JE-RDC-0249,2025-12-12,2000,"Accounts Payable",0.00,32434.69,"R&D contractor - Engagement ENG-3002"
JE-RDC-0250,2025-12-22,6100,"R&D - Contractors",38830.71,0.00,"R&D contractor - Engagement ENG-3003"
JE-RDC-0250,2025-12-22,2000,"Accounts Payable",0.00,38830.71,"R&D contractor - Engagement ENG-3003"
JE-RDC-0251,2025-12-22,6100,"R&D - Contractors",32963.84,0.00,"R&D contractor - Engagement ENG-3004"
JE-RDC-0251,2025-12-22,2000,"Accounts Payable",0.00,32963.84,"R&D contractor - Engagement ENG-3004"
JE-RDC-0252,2025-12-11,6100,"R&D - Contractors",18240.46,0.00,"R&D contractor - Engagement ENG-3005"
JE-RDC-0252,2025-12-11,2000,"Accounts Payable",0.00,18240.46,"R&D contractor - Engagement ENG-3005"
JE-RDC-0253,2025-12-18,6100,"R&D - Contractors",29839.10,0.00,"R&D contractor - Engagement ENG-3006"
JE-RDC-0253,2025-12-18,2000,"Accounts Payable",0.00,29839.10,"R&D contractor - Engagement ENG-3006"
JE-RDC-0254,2025-12-24,6100,"R&D - Contractors",19056.72,0.00,"R&D contractor - Engagement ENG-3007"
JE-RDC-0254,2025-12-24,2000,"Accounts Payable",0.00,19056.72,"R&D contractor - Engagement ENG-3007"
JE-RDC-0255,2025-12-08,6100,"R&D - Contractors",25784.98,0.00,"R&D contractor - Engagement ENG-3008"
JE-RDC-0255,2025-12-08,2000,"Accounts Payable",0.00,25784.98,"R&D contractor - Engagement ENG-3008"
JE-RDC-0256,2025-12-11,6100,"R&D - Contractors",31997.84,0.00,"R&D contractor - Engagement ENG-3009"
JE-RDC-0256,2025-12-11,2000,"Accounts Payable",0.00,31997.84,"R&D contractor - Engagement ENG-3009"
JE-RDC-0257,2025-12-24,6100,"R&D - Contractors",15663.06,0.00,"R&D contractor - Engagement ENG-3010"
JE-RDC-0257,2025-12-24,2000,"Accounts Payable",0.00,15663.06,"R&D contractor - Engagement ENG-3010"
JE-RDC-0258,2025-12-09,6100,"R&D - Contractors",17715.19,0.00,"R&D contractor - Engagement ENG-3011"
JE-RDC-0258,2025-12-09,2000,"Accounts Payable",0.00,17715.19,"R&D contractor - Engagement ENG-3011"
JE-RDC-0259,2025-12-07,6100,"R&D - Contractors",29546.10,0.00,"R&D contractor - Engagement ENG-3012"
JE-RDC-0259,2025-12-07,2000,"Accounts Payable",0.00,29546.10,"R&D contractor - Engagement ENG-3012"
JE-RDT-0260,2025-12-03,6200,"R&D - Cloud and Dev Tools",16065.69,0.00,"R&D tools - GitHub Enterprise"
JE-RDT-0260,2025-12-03,2000,"Accounts Payable",0.00,16065.69,"R&D tools - GitHub Enterprise"
JE-RDT-0261,2025-12-27,6200,"R&D - Cloud and Dev Tools",11036.47,0.00,"R&D tools - Jira/Confluence"
JE-RDT-0261,2025-12-27,2000,"Accounts Payable",0.00,11036.47,"R&D tools - Jira/Confluence"
JE-RDT-0262,2025-12-25,6200,"R&D - Cloud and Dev Tools",8232.24,0.00,"R&D tools - Figma"
JE-RDT-0262,2025-12-25,2000,"Accounts Payable",0.00,8232.24,"R&D tools - Figma"
JE-RDT-0263,2025-12-07,6200,"R&D - Cloud and Dev Tools",21890.11,0.00,"R&D tools - CircleCI"
JE-RDT-0263,2025-12-07,2000,"Accounts Payable",0.00,21890.11,"R&D tools - CircleCI"
JE-RDT-0264,2025-12-13,6200,"R&D - Cloud and Dev Tools",12762.81,0.00,"R&D tools - LaunchDarkly"
JE-RDT-0264,2025-12-13,2000,"Accounts Payable",0.00,12762.81,"R&D tools - LaunchDarkly"
JE-MKT-0265,2025-12-10,7100,"S&M - Demand Generation",9787.26,0.00,"Marketing - Google Ads"
JE-MKT-0265,2025-12-10,2000,"Accounts Payable",0.00,9787.26,"Marketing - Google Ads"
JE-MKT-0266,2025-12-19,7100,"S&M - Demand Generation",20809.16,0.00,"Marketing - LinkedIn Ads"
JE-MKT-0266,2025-12-19,2000,"Accounts Payable",0.00,20809.16,"Marketing - LinkedIn Ads"
JE-MKT-0267,2025-12-12,7100,"S&M - Demand Generation",10389.28,0.00,"Marketing - Content Syndication"
JE-MKT-0267,2025-12-12,2000,"Accounts Payable",0.00,10389.28,"Marketing - Content Syndication"
JE-MKT-0268,2025-12-04,7100,"S&M - Demand Generation",9413.27,0.00,"Marketing - SEO Agency"
JE-MKT-0268,2025-12-04,2000,"Accounts Payable",0.00,9413.27,"Marketing - SEO Agency"
JE-MKT-0269,2025-12-16,7100,"S&M - Demand Generation",8222.23,0.00,"Marketing - Webinar Platform"
JE-MKT-0269,2025-12-16,2000,"Accounts Payable",0.00,8222.23,"Marketing - Webinar Platform"
JE-MKT-0270,2025-12-28,7100,"S&M - Demand Generation",29982.23,0.00,"Marketing - ABM Platform"
JE-MKT-0270,2025-12-28,2000,"Accounts Payable",0.00,29982.23,"Marketing - ABM Platform"
JE-MKT-0271,2025-12-07,7100,"S&M - Demand Generation",34134.80,0.00,"Marketing - Social Media"
JE-MKT-0271,2025-12-07,2000,"Accounts Payable",0.00,34134.80,"Marketing - Social Media"
JE-MKT-0272,2025-12-29,7100,"S&M - Demand Generation",11609.09,0.00,"Marketing - PR Agency"
JE-MKT-0272,2025-12-29,2000,"Accounts Payable",0.00,11609.09,"Marketing - PR Agency"
JE-MKT-0273,2025-12-05,7100,"S&M - Demand Generation",27473.40,0.00,"Marketing - Analyst Relations"
JE-MKT-0273,2025-12-05,2000,"Accounts Payable",0.00,27473.40,"Marketing - Analyst Relations"
JE-MKT-0274,2025-12-30,7100,"S&M - Demand Generation",22684.12,0.00,"Marketing - Review Sites"
JE-MKT-0274,2025-12-30,2000,"Accounts Payable",0.00,22684.12,"Marketing - Review Sites"
JE-EVT-0275,2025-12-01,7110,"S&M - Events and Sponsorships",60935.56,0.00,"Event - SaaStr Annual"
JE-EVT-0275,2025-12-01,2000,"Accounts Payable",0.00,60935.56,"Event - SaaStr Annual"
JE-EVT-0276,2025-12-10,7110,"S&M - Events and Sponsorships",20810.58,0.00,"Event - AWS re:Invent"
JE-EVT-0276,2025-12-10,2000,"Accounts Payable",0.00,20810.58,"Event - AWS re:Invent"
JE-EVT-0277,2025-12-12,7110,"S&M - Events and Sponsorships",53017.40,0.00,"Event - Industry Conference"
JE-EVT-0277,2025-12-12,2000,"Accounts Payable",0.00,53017.40,"Event - Industry Conference"
JE-EVT-0278,2025-12-22,7110,"S&M - Events and Sponsorships",24767.58,0.00,"Event - Dreamforce"
JE-EVT-0278,2025-12-22,2000,"Accounts Payable",0.00,24767.58,"Event - Dreamforce"
JE-EVT-0279,2025-12-17,7110,"S&M - Events and Sponsorships",64024.45,0.00,"Event - Gartner Summit"
JE-EVT-0279,2025-12-17,2000,"Accounts Payable",0.00,64024.45,"Event - Gartner Summit"
JE-EVT-0280,2025-12-23,7110,"S&M - Events and Sponsorships",32330.00,0.00,"Event - Web Summit"
JE-EVT-0280,2025-12-23,2000,"Accounts Payable",0.00,32330.00,"Event - Web Summit"
JE-COM-0281,2025-12-28,7200,"S&M - Sales Commissions",286394.39,0.00,"Sales commissions accrual"
JE-COM-0281,2025-12-28,2130,"Accrued Commissions",0.00,286394.39,"Sales commissions accrual"
JE-TRV-0282,2025-12-16,7300,"S&M - Travel and Entertainment",8724.62,0.00,"T&E - Sales travel expense report 1"
JE-TRV-0282,2025-12-16,1000,"Cash and Cash Equivalents",0.00,8724.62,"T&E - Sales travel expense report 1"
JE-TRV-0283,2025-12-31,7300,"S&M - Travel and Entertainment",3314.40,0.00,"T&E - Sales travel expense report 2"
JE-TRV-0283,2025-12-31,1000,"Cash and Cash Equivalents",0.00,3314.40,"T&E - Sales travel expense report 2"
JE-TRV-0284,2025-12-12,7300,"S&M - Travel and Entertainment",6749.56,0.00,"T&E - Sales travel expense report 3"
JE-TRV-0284,2025-12-12,1000,"Cash and Cash Equivalents",0.00,6749.56,"T&E - Sales travel expense report 3"
JE-TRV-0285,2025-12-02,7300,"S&M - Travel and Entertainment",3611.00,0.00,"T&E - Sales travel expense report 4"
JE-TRV-0285,2025-12-02,1000,"Cash and Cash Equivalents",0.00,3611.00,"T&E - Sales travel expense report 4"
JE-TRV-0286,2025-12-25,7300,"S&M - Travel and Entertainment",2464.20,0.00,"T&E - Sales travel expense report 5"
JE-TRV-0286,2025-12-25,1000,"Cash and Cash Equivalents",0.00,2464.20,"T&E - Sales travel expense report 5"
JE-TRV-0287,2025-12-01,7300,"S&M - Travel and Entertainment",9027.54,0.00,"T&E - Sales travel expense report 6"
JE-TRV-0287,2025-12-01,1000,"Cash and Cash Equivalents",0.00,9027.54,"T&E - Sales travel expense report 6"
JE-TRV-0288,2025-12-05,7300,"S&M - Travel and Entertainment",5214.67,0.00,"T&E - Sales travel expense report 7"
JE-TRV-0288,2025-12-05,1000,"Cash and Cash Equivalents",0.00,5214.67,"T&E - Sales travel expense report 7"
JE-TRV-0289,2025-12-05,7300,"S&M - Travel and Entertainment",6146.54,0.00,"T&E - Sales travel expense report 8"
JE-TRV-0289,2025-12-05,1000,"Cash and Cash Equivalents",0.00,6146.54,"T&E - Sales travel expense report 8"
JE-TRV-0290,2025-12-12,7300,"S&M - Travel and Entertainment",9485.60,0.00,"T&E - Sales travel expense report 9"
JE-TRV-0290,2025-12-12,1000,"Cash and Cash Equivalents",0.00,9485.60,"T&E - Sales travel expense report 9"
JE-TRV-0291,2025-12-30,7300,"S&M - Travel and Entertainment",11342.68,0.00,"T&E - Sales travel expense report 10"
JE-TRV-0291,2025-12-30,1000,"Cash and Cash Equivalents",0.00,11342.68,"T&E - Sales travel expense report 10"
JE-TRV-0292,2025-12-27,7300,"S&M - Travel and Entertainment",7412.48,0.00,"T&E - Sales travel expense report 11"
JE-TRV-0292,2025-12-27,1000,"Cash and Cash Equivalents",0.00,7412.48,"T&E - Sales travel expense report 11"
JE-TRV-0293,2025-12-27,7300,"S&M - Travel and Entertainment",9190.34,0.00,"T&E - Sales travel expense report 12"
JE-TRV-0293,2025-12-27,1000,"Cash and Cash Equivalents",0.00,9190.34,"T&E - Sales travel expense report 12"
JE-TRV-0294,2025-12-27,7300,"S&M - Travel and Entertainment",7656.59,0.00,"T&E - Sales travel expense report 13"
JE-TRV-0294,2025-12-27,1000,"Cash and Cash Equivalents",0.00,7656.59,"T&E - Sales travel expense report 13"
JE-TRV-0295,2025-12-12,7300,"S&M - Travel and Entertainment",4369.65,0.00,"T&E - Sales travel expense report 14"
JE-TRV-0295,2025-12-12,1000,"Cash and Cash Equivalents",0.00,4369.65,"T&E - Sales travel expense report 14"
JE-TRV-0296,2025-12-04,7300,"S&M - Travel and Entertainment",4170.74,0.00,"T&E - Sales travel expense report 15"
JE-TRV-0296,2025-12-04,1000,"Cash and Cash Equivalents",0.00,4170.74,"T&E - Sales travel expense report 15"
JE-LEG-0297,2025-12-11,8100,"G&A - Legal and Professional",20989.01,0.00,"Legal/professional - Wilson Sonsini"
JE-LEG-0297,2025-12-11,2140,"Accrued Professional Fees",0.00,20989.01,"Legal/professional - Wilson Sonsini"
JE-LEG-0298,2025-12-29,8100,"G&A - Legal and Professional",45763.16,0.00,"Legal/professional - PwC"
JE-LEG-0298,2025-12-29,2140,"Accrued Professional Fees",0.00,45763.16,"Legal/professional - PwC"
JE-LEG-0299,2025-12-31,8100,"G&A - Legal and Professional",19452.18,0.00,"Legal/professional - Deloitte Tax"
JE-LEG-0299,2025-12-31,2140,"Accrued Professional Fees",0.00,19452.18,"Legal/professional - Deloitte Tax"
JE-LEG-0300,2025-12-15,8100,"G&A - Legal and Professional",45086.18,0.00,"Legal/professional - KPMG Advisory"
JE-LEG-0300,2025-12-15,2140,"Accrued Professional Fees",0.00,45086.18,"Legal/professional - KPMG Advisory"
JE-LEG-0301,2025-12-29,8100,"G&A - Legal and Professional",40449.37,0.00,"Legal/professional - Cooley LLP"
JE-LEG-0301,2025-12-29,2140,"Accrued Professional Fees",0.00,40449.37,"Legal/professional - Cooley LLP"
JE-LEG-0302,2025-12-14,8100,"G&A - Legal and Professional",54557.27,0.00,"Legal/professional - Ernst & Young"
JE-LEG-0302,2025-12-14,2140,"Accrued Professional Fees",0.00,54557.27,"Legal/professional - Ernst & Young"
JE-INS-0303,2025-12-01,8200,"G&A - Insurance",34634.41,0.00,"Monthly insurance expense"
JE-INS-0303,2025-12-01,1210,"Prepaid Insurance",0.00,34634.41,"Prepaid insurance amortization"
JE-OFC-0304,2025-12-01,8300,"G&A - Office and Facilities",36210.13,0.00,"Office expenses - supplies, utilities"
JE-OFC-0304,2025-12-01,1000,"Cash and Cash Equivalents",0.00,36210.13,"Office expenses"
JE-RNT-0305,2025-12-01,8310,"G&A - Rent",125000.00,0.00,"Monthly rent - HQ and satellite offices"
JE-RNT-0305,2025-12-01,1000,"Cash and Cash Equivalents",0.00,125000.00,"Rent payment"
JE-SFT-0306,2025-12-30,8600,"G&A - Software and Subscriptions",5872.93,0.00,"SaaS subscription - Salesforce"
JE-SFT-0306,2025-12-30,2000,"Accounts Payable",0.00,5872.93,"SaaS subscription - Salesforce"
JE-SFT-0307,2025-12-05,8600,"G&A - Software and Subscriptions",13814.96,0.00,"SaaS subscription - Workday"
JE-SFT-0307,2025-12-05,2000,"Accounts Payable",0.00,13814.96,"SaaS subscription - Workday"
JE-SFT-0308,2025-12-22,8600,"G&A - Software and Subscriptions",15584.93,0.00,"SaaS subscription - Slack"
JE-SFT-0308,2025-12-22,2000,"Accounts Payable",0.00,15584.93,"SaaS subscription - Slack"
JE-SFT-0309,2025-12-12,8600,"G&A - Software and Subscriptions",5948.11,0.00,"SaaS subscription - Zoom"
JE-SFT-0309,2025-12-12,2000,"Accounts Payable",0.00,5948.11,"SaaS subscription - Zoom"
JE-SFT-0310,2025-12-12,8600,"G&A - Software and Subscriptions",9270.39,0.00,"SaaS subscription - DocuSign"
JE-SFT-0310,2025-12-12,2000,"Accounts Payable",0.00,9270.39,"SaaS subscription - DocuSign"
JE-SFT-0311,2025-12-21,8600,"G&A - Software and Subscriptions",8850.17,0.00,"SaaS subscription - Netsuite"
JE-SFT-0311,2025-12-21,2000,"Accounts Payable",0.00,8850.17,"SaaS subscription - Netsuite"
JE-SFT-0312,2025-12-04,8600,"G&A - Software and Subscriptions",15143.39,0.00,"SaaS subscription - HubSpot"
JE-SFT-0312,2025-12-04,2000,"Accounts Payable",0.00,15143.39,"SaaS subscription - HubSpot"
JE-SFT-0313,2025-12-30,8600,"G&A - Software and Subscriptions",17313.20,0.00,"SaaS subscription - Okta"
JE-SFT-0313,2025-12-30,2000,"Accounts Payable",0.00,17313.20,"SaaS subscription - Okta"
JE-SFT-0314,2025-12-24,8600,"G&A - Software and Subscriptions",7252.40,0.00,"SaaS subscription - Notion"
JE-SFT-0314,2025-12-24,2000,"Accounts Payable",0.00,7252.40,"SaaS subscription - Notion"
JE-SFT-0315,2025-12-13,8600,"G&A - Software and Subscriptions",13942.31,0.00,"SaaS subscription - PagerDuty"
JE-SFT-0315,2025-12-13,2000,"Accounts Payable",0.00,13942.31,"SaaS subscription - PagerDuty"
JE-BD-0316,2025-12-28,8500,"G&A - Bad Debt Expense",15381.31,0.00,"Bad debt expense - monthly provision"
JE-BD-0316,2025-12-28,1110,"Allowance for Doubtful Accounts",0.00,15381.31,"Allowance for doubtful accounts increase"
JE-DEP-0317,2025-12-28,6300,"R&D - Depreciation and Amortization",41570.06,0.00,"R&D depreciation and amortization"
JE-DEP-0317,2025-12-28,8400,"G&A - Depreciation and Amortization",21503.63,0.00,"G&A depreciation and amortization"
JE-DEP-0317,2025-12-28,1510,"Accumulated Depreciation - P&E",0.00,21503.63,"Accumulated depreciation - P&E"
JE-DEP-0317,2025-12-28,1610,"Accumulated Amortization - Software",0.00,41570.06,"Accumulated amortization - software"
JE-INT-0318,2025-12-28,9000,"Interest Expense",35416.28,0.00,"Interest expense on term loan"
JE-INT-0318,2025-12-28,2500,"Long-term Debt",0.00,35416.28,"Accrued interest on term loan"
JE-INC-0319,2025-12-28,1000,"Cash and Cash Equivalents",8949.89,0.00,"Interest income - money market"
JE-INC-0319,2025-12-28,9100,"Interest Income",0.00,8949.89,"Interest income earned"
JE-FX-0320,2025-12-28,9900,"Foreign Currency Gain (Loss)",5573.53,0.00,"Foreign currency loss"
JE-FX-0320,2025-12-28,1000,"Cash and Cash Equivalents",0.00,5573.53,"FX loss on foreign receivables"
JE-TAX-0321,2025-12-28,9300,"Income Tax Expense",106491.53,0.00,"Income tax expense - monthly provision"
JE-TAX-0321,2025-12-28,2400,"Income Taxes Payable",0.00,106491.53,"Income taxes payable"
JE-PRE-0322,2025-12-01,8600,"G&A - Software and Subscriptions",17051.73,0.00,"Prepaid amortization - Annual SaaS license"
JE-PRE-0322,2025-12-01,1220,"Prepaid Software Licenses",0.00,17051.73,"Prepaid amortization - Annual SaaS license"
JE-PRE-0323,2025-12-01,8600,"G&A - Software and Subscriptions",4728.08,0.00,"Prepaid amortization - Conference passes"
JE-PRE-0323,2025-12-01,1220,"Prepaid Software Licenses",0.00,4728.08,"Prepaid amortization - Conference passes"
JE-PRE-0324,2025-12-01,8600,"G&A - Software and Subscriptions",16434.57,0.00,"Prepaid amortization - Annual insurance premium"
JE-PRE-0324,2025-12-01,1220,"Prepaid Software Licenses",0.00,16434.57,"Prepaid amortization - Annual insurance premium"
JE-PRE-0325,2025-12-01,7100,"S&M - Demand Generation",10051.85,0.00,"Prepaid amortization - Marketing retainer"
JE-PRE-0325,2025-12-01,1220,"Prepaid Software Licenses",0.00,10051.85,"Prepaid amortization - Marketing retainer"
JE-PRE-0326,2025-12-01,8600,"G&A - Software and Subscriptions",10121.63,0.00,"Prepaid amortization - Legal retainer"
JE-PRE-0326,2025-12-01,1220,"Prepaid Software Licenses",0.00,10121.63,"Prepaid amortization - Legal retainer"
JE-PRE-0327,2025-12-01,8600,"G&A - Software and Subscriptions",15126.44,0.00,"Prepaid amortization - Training subscriptions"
JE-PRE-0327,2025-12-01,1220,"Prepaid Software Licenses",0.00,15126.44,"Prepaid amortization - Training subscriptions"
JE-PRE-0328,2025-12-01,8600,"G&A - Software and Subscriptions",3491.43,0.00,"Prepaid amortization - Domain renewals"
JE-PRE-0328,2025-12-01,1220,"Prepaid Software Licenses",0.00,3491.43,"Prepaid amortization - Domain renewals"
JE-PRE-0329,2025-12-01,8600,"G&A - Software and Subscriptions",15086.23,0.00,"Prepaid amortization - SSL certificates"
JE-PRE-0329,2025-12-01,1220,"Prepaid Software Licenses",0.00,15086.23,"Prepaid amortization - SSL certificates"
JE-ACC-0330,2025-12-28,8100,"G&A - Legal and Professional",10005.56,0.00,"Accrual - Audit fees"
JE-ACC-0330,2025-12-28,2140,"Accrued Professional Fees",0.00,10005.56,"Accrual - Audit fees"
JE-ACC-0331,2025-12-28,8100,"G&A - Legal and Professional",14278.56,0.00,"Accrual - Consulting fees"
JE-ACC-0331,2025-12-28,2140,"Accrued Professional Fees",0.00,14278.56,"Accrual - Consulting fees"
JE-ACC-0332,2025-12-28,8100,"G&A - Legal and Professional",7858.89,0.00,"Accrual - IT support"
JE-ACC-0332,2025-12-28,2140,"Accrued Professional Fees",0.00,7858.89,"Accrual - IT support"
JE-ACC-0333,2025-12-28,8100,"G&A - Legal and Professional",9675.75,0.00,"Accrual - Recruiting fees"
JE-ACC-0333,2025-12-28,2140,"Accrued Professional Fees",0.00,9675.75,"Accrual - Recruiting fees"
JE-ACC-0334,2025-12-28,8100,"G&A - Legal and Professional",15215.44,0.00,"Accrual - Board fees"
JE-ACC-0334,2025-12-28,2140,"Accrued Professional Fees",0.00,15215.44,"Accrual - Board fees"
JE-ACC-0335,2025-12-28,8100,"G&A - Legal and Professional",18985.16,0.00,"Accrual - Compliance review"
JE-ACC-0335,2025-12-28,2140,"Accrued Professional Fees",0.00,18985.16,"Accrual - Compliance review"
JE-REF-0336,2025-12-01,4000,"Subscription Revenue",2889.97,0.00,"Customer credit memo - CM-5001"
JE-REF-0336,2025-12-01,1100,"Accounts Receivable",0.00,2889.97,"Customer credit memo - CM-5001"
JE-REF-0337,2025-12-08,4000,"Subscription Revenue",11457.01,0.00,"Customer credit memo - CM-5002"
JE-REF-0337,2025-12-08,1100,"Accounts Receivable",0.00,11457.01,"Customer credit memo - CM-5002"
JE-REF-0338,2025-12-13,4000,"Subscription Revenue",11341.28,0.00,"Customer credit memo - CM-5003"
JE-REF-0338,2025-12-13,1100,"Accounts Receivable",0.00,11341.28,"Customer credit memo - CM-5003"
JE-REF-0339,2025-12-21,4000,"Subscription Revenue",6892.58,0.00,"Customer credit memo - CM-5004"
JE-REF-0339,2025-12-21,1100,"Accounts Receivable",0.00,6892.58,"Customer credit memo - CM-5004"
JE-REF-0340,2025-12-30,4000,"Subscription Revenue",4219.95,0.00,"Customer credit memo - CM-5005"
JE-REF-0340,2025-12-30,1100,"Accounts Receivable",0.00,4219.95,"Customer credit memo - CM-5005"
JE-REF-0341,2025-12-27,4000,"Subscription Revenue",12002.01,0.00,"Customer credit memo - CM-5006"
JE-REF-0341,2025-12-27,1100,"Accounts Receivable",0.00,12002.01,"Customer credit memo - CM-5006"
JE-REF-0342,2025-12-08,4000,"Subscription Revenue",7338.73,0.00,"Customer credit memo - CM-5007"
JE-REF-0342,2025-12-08,1100,"Accounts Receivable",0.00,7338.73,"Customer credit memo - CM-5007"
JE-REF-0343,2025-12-15,4000,"Subscription Revenue",7644.00,0.00,"Customer credit memo - CM-5008"
JE-REF-0343,2025-12-15,1100,"Accounts Receivable",0.00,7644.00,"Customer credit memo - CM-5008"
JE-OTH-0344,2025-12-16,1100,"Accounts Receivable",10204.80,0.00,"Other revenue - Data licensing"
JE-OTH-0344,2025-12-16,4300,"Other Revenue",0.00,10204.80,"Other revenue - Data licensing"
JE-OTH-0345,2025-12-07,1100,"Accounts Receivable",24174.33,0.00,"Other revenue - API marketplace"
JE-OTH-0345,2025-12-07,4300,"Other Revenue",0.00,24174.33,"Other revenue - API marketplace"
JE-OTH-0346,2025-12-01,1100,"Accounts Receivable",17911.69,0.00,"Other revenue - Training workshops"
JE-OTH-0346,2025-12-01,4300,"Other Revenue",0.00,17911.69,"Other revenue - Training workshops"
JE-OTH-0347,2025-12-29,1100,"Accounts Receivable",6354.09,0.00,"Other revenue - Consulting referral"
JE-OTH-0347,2025-12-29,4300,"Other Revenue",0.00,6354.09,"Other revenue - Consulting referral"
JE-OTH-0348,2025-12-08,1100,"Accounts Receivable",14448.90,0.00,"Other revenue - White-label"
JE-OTH-0348,2025-12-08,4300,"Other Revenue",0.00,14448.90,"Other revenue - White-label"
JE-EXP-0349,2025-12-31,7300,"S&M - Travel and Entertainment",1201.38,0.00,"Employee expense reimb - Sales team member 1"
JE-EXP-0349,2025-12-31,1000,"Cash and Cash Equivalents",0.00,1201.38,"Employee expense reimb - Sales team member 1"
JE-EXP-0350,2025-12-18,7100,"S&M - Demand Generation",2547.00,0.00,"Employee expense reimb - Marketing team member 2"
JE-EXP-0350,2025-12-18,1000,"Cash and Cash Equivalents",0.00,2547.00,"Employee expense reimb - Marketing team member 2"
JE-EXP-0351,2025-12-13,8300,"G&A - Office and Facilities",2400.28,0.00,"Employee expense reimb - Finance team member 3"
JE-EXP-0351,2025-12-13,1000,"Cash and Cash Equivalents",0.00,2400.28,"Employee expense reimb - Finance team member 3"
JE-EXP-0352,2025-12-02,8300,"G&A - Office and Facilities",1007.37,0.00,"Employee expense reimb - Product team member 4"
JE-EXP-0352,2025-12-02,1000,"Cash and Cash Equivalents",0.00,1007.37,"Employee expense reimb - Product team member 4"
JE-EXP-0353,2025-12-03,8300,"G&A - Office and Facilities",3359.51,0.00,"Employee expense reimb - Legal team member 5"
JE-EXP-0353,2025-12-03,1000,"Cash and Cash Equivalents",0.00,3359.51,"Employee expense reimb - Legal team member 5"
JE-EXP-0354,2025-12-20,6200,"R&D - Cloud and Dev Tools",514.94,0.00,"Employee expense reimb - Engineering team member 6"
JE-EXP-0354,2025-12-20,1000,"Cash and Cash Equivalents",0.00,514.94,"Employee expense reimb - Engineering team member 6"
JE-EXP-0355,2025-12-16,7300,"S&M - Travel and Entertainment",3359.89,0.00,"Employee expense reimb - Sales team member 7"
JE-EXP-0355,2025-12-16,1000,"Cash and Cash Equivalents",0.00,3359.89,"Employee expense reimb - Sales team member 7"
JE-EXP-0356,2025-12-21,7100,"S&M - Demand Generation",2325.05,0.00,"Employee expense reimb - Marketing team member 8"
JE-EXP-0356,2025-12-21,1000,"Cash and Cash Equivalents",0.00,2325.05,"Employee expense reimb - Marketing team member 8"
JE-EXP-0357,2025-12-01,8300,"G&A - Office and Facilities",1951.09,0.00,"Employee expense reimb - Finance team member 9"
JE-EXP-0357,2025-12-01,1000,"Cash and Cash Equivalents",0.00,1951.09,"Employee expense reimb - Finance team member 9"
JE-EXP-0358,2025-12-04,8300,"G&A - Office and Facilities",971.24,0.00,"Employee expense reimb - Product team member 10"
JE-EXP-0358,2025-12-04,1000,"Cash and Cash Equivalents",0.00,971.24,"Employee expense reimb - Product team member 10"
JE-EXP-0359,2025-12-03,8300,"G&A - Office and Facilities",1229.02,0.00,"Employee expense reimb - Legal team member 11"
JE-EXP-0359,2025-12-03,1000,"Cash and Cash Equivalents",0.00,1229.02,"Employee expense reimb - Legal team member 11"
JE-EXP-0360,2025-12-13,6200,"R&D - Cloud and Dev Tools",1097.46,0.00,"Employee expense reimb - Engineering team member 12"
JE-EXP-0360,2025-12-13,1000,"Cash and Cash Equivalents",0.00,1097.46,"Employee expense reimb - Engineering team member 12"
JE-EXP-0361,2025-12-10,7300,"S&M - Travel and Entertainment",2687.45,0.00,"Employee expense reimb - Sales team member 13"
JE-EXP-0361,2025-12-10,1000,"Cash and Cash Equivalents",0.00,2687.45,"Employee expense reimb - Sales team member 13"
JE-EXP-0362,2025-12-13,7100,"S&M - Demand Generation",2695.53,0.00,"Employee expense reimb - Marketing team member 14"
JE-EXP-0362,2025-12-13,1000,"Cash and Cash Equivalents",0.00,2695.53,"Employee expense reimb - Marketing team member 14"
JE-EXP-0363,2025-12-28,8300,"G&A - Office and Facilities",1821.39,0.00,"Employee expense reimb - Finance team member 15"
JE-EXP-0363,2025-12-28,1000,"Cash and Cash Equivalents",0.00,1821.39,"Employee expense reimb - Finance team member 15"
JE-EXP-0364,2025-12-28,8300,"G&A - Office and Facilities",585.63,0.00,"Employee expense reimb - Product team member 16"
JE-EXP-0364,2025-12-28,1000,"Cash and Cash Equivalents",0.00,585.63,"Employee expense reimb - Product team member 16"
JE-EXP-0365,2025-12-30,8300,"G&A - Office and Facilities",2322.02,0.00,"Employee expense reimb - Legal team member 17"
JE-EXP-0365,2025-12-30,1000,"Cash and Cash Equivalents",0.00,2322.02,"Employee expense reimb - Legal team member 17"
JE-EXP-0366,2025-12-17,6200,"R&D - Cloud and Dev Tools",284.89,0.00,"Employee expense reimb - Engineering team member 18"
JE-EXP-0366,2025-12-17,1000,"Cash and Cash Equivalents",0.00,284.89,"Employee expense reimb - Engineering team member 18"
JE-EXP-0367,2025-12-11,7300,"S&M - Travel and Entertainment",1889.94,0.00,"Employee expense reimb - Sales team member 19"
JE-EXP-0367,2025-12-11,1000,"Cash and Cash Equivalents",0.00,1889.94,"Employee expense reimb - Sales team member 19"
JE-EXP-0368,2025-12-28,7100,"S&M - Demand Generation",428.98,0.00,"Employee expense reimb - Marketing team member 20"
JE-EXP-0368,2025-12-28,1000,"Cash and Cash Equivalents",0.00,428.98,"Employee expense reimb - Marketing team member 20"
JE-VPAY-0369,2025-12-09,2000,"Accounts Payable",67724.87,0.00,"Vendor payment - Check/ACH 4001"
JE-VPAY-0369,2025-12-09,1000,"Cash and Cash Equivalents",0.00,67724.87,"Vendor payment - Check/ACH 4001"
JE-VPAY-0370,2025-12-15,2000,"Accounts Payable",40141.06,0.00,"Vendor payment - Check/ACH 4002"
JE-VPAY-0370,2025-12-15,1000,"Cash and Cash Equivalents",0.00,40141.06,"Vendor payment - Check/ACH 4002"
JE-VPAY-0371,2025-12-28,2000,"Accounts Payable",76582.70,0.00,"Vendor payment - Check/ACH 4003"
JE-VPAY-0371,2025-12-28,1000,"Cash and Cash Equivalents",0.00,76582.70,"Vendor payment - Check/ACH 4003"
JE-VPAY-0372,2025-12-10,2000,"Accounts Payable",74677.82,0.00,"Vendor payment - Check/ACH 4004"
JE-VPAY-0372,2025-12-10,1000,"Cash and Cash Equivalents",0.00,74677.82,"Vendor payment - Check/ACH 4004"
JE-VPAY-0373,2025-12-10,2000,"Accounts Payable",36835.96,0.00,"Vendor payment - Check/ACH 4005"
JE-VPAY-0373,2025-12-10,1000,"Cash and Cash Equivalents",0.00,36835.96,"Vendor payment - Check/ACH 4005"
JE-VPAY-0374,2025-12-02,2000,"Accounts Payable",87426.78,0.00,"Vendor payment - Check/ACH 4006"
JE-VPAY-0374,2025-12-02,1000,"Cash and Cash Equivalents",0.00,87426.78,"Vendor payment - Check/ACH 4006"
JE-VPAY-0375,2025-12-19,2000,"Accounts Payable",19717.73,0.00,"Vendor payment - Check/ACH 4007"
JE-VPAY-0375,2025-12-19,1000,"Cash and Cash Equivalents",0.00,19717.73,"Vendor payment - Check/ACH 4007"
JE-VPAY-0376,2025-12-07,2000,"Accounts Payable",79219.98,0.00,"Vendor payment - Check/ACH 4008"
JE-VPAY-0376,2025-12-07,1000,"Cash and Cash Equivalents",0.00,79219.98,"Vendor payment - Check/ACH 4008"
JE-VPAY-0377,2025-12-11,2000,"Accounts Payable",100861.86,0.00,"Vendor payment - Check/ACH 4009"
JE-VPAY-0377,2025-12-11,1000,"Cash and Cash Equivalents",0.00,100861.86,"Vendor payment - Check/ACH 4009"
JE-VPAY-0378,2025-12-27,2000,"Accounts Payable",109993.60,0.00,"Vendor payment - Check/ACH 4010"
JE-VPAY-0378,2025-12-27,1000,"Cash and Cash Equivalents",0.00,109993.60,"Vendor payment - Check/ACH 4010"
JE-VPAY-0379,2025-12-03,2000,"Accounts Payable",67332.79,0.00,"Vendor payment - Check/ACH 4011"
JE-VPAY-0379,2025-12-03,1000,"Cash and Cash Equivalents",0.00,67332.79,"Vendor payment - Check/ACH 4011"
JE-VPAY-0380,2025-12-06,2000,"Accounts Payable",16327.23,0.00,"Vendor payment - Check/ACH 4012"
JE-VPAY-0380,2025-12-06,1000,"Cash and Cash Equivalents",0.00,16327.23,"Vendor payment - Check/ACH 4012"
JE-VPAY-0381,2025-12-28,2000,"Accounts Payable",86871.59,0.00,"Vendor payment - Check/ACH 4013"
JE-VPAY-0381,2025-12-28,1000,"Cash and Cash Equivalents",0.00,86871.59,"Vendor payment - Check/ACH 4013"
JE-VPAY-0382,2025-12-18,2000,"Accounts Payable",66161.40,0.00,"Vendor payment - Check/ACH 4014"
JE-VPAY-0382,2025-12-18,1000,"Cash and Cash Equivalents",0.00,66161.40,"Vendor payment - Check/ACH 4014"
JE-VPAY-0383,2025-12-03,2000,"Accounts Payable",30634.60,0.00,"Vendor payment - Check/ACH 4015"
JE-VPAY-0383,2025-12-03,1000,"Cash and Cash Equivalents",0.00,30634.60,"Vendor payment - Check/ACH 4015"
JE-VPAY-0384,2025-12-25,2000,"Accounts Payable",99752.95,0.00,"Vendor payment - Check/ACH 4016"
JE-VPAY-0384,2025-12-25,1000,"Cash and Cash Equivalents",0.00,99752.95,"Vendor payment - Check/ACH 4016"
JE-VPAY-0385,2025-12-02,2000,"Accounts Payable",58231.85,0.00,"Vendor payment - Check/ACH 4017"
JE-VPAY-0385,2025-12-02,1000,"Cash and Cash Equivalents",0.00,58231.85,"Vendor payment - Check/ACH 4017"
JE-VPAY-0386,2025-12-01,2000,"Accounts Payable",92714.66,0.00,"Vendor payment - Check/ACH 4018"
JE-VPAY-0386,2025-12-01,1000,"Cash and Cash Equivalents",0.00,92714.66,"Vendor payment - Check/ACH 4018"
JE-VPAY-0387,2025-12-08,2000,"Accounts Payable",53006.92,0.00,"Vendor payment - Check/ACH 4019"
JE-VPAY-0387,2025-12-08,1000,"Cash and Cash Equivalents",0.00,53006.92,"Vendor payment - Check/ACH 4019"
JE-VPAY-0388,2025-12-23,2000,"Accounts Payable",36882.91,0.00,"Vendor payment - Check/ACH 4020"
JE-VPAY-0388,2025-12-23,1000,"Cash and Cash Equivalents",0.00,36882.91,"Vendor payment - Check/ACH 4020"
JE-VPAY-0389,2025-12-04,2000,"Accounts Payable",35058.45,0.00,"Vendor payment - Check/ACH 4021"
JE-VPAY-0389,2025-12-04,1000,"Cash and Cash Equivalents",0.00,35058.45,"Vendor payment - Check/ACH 4021"
JE-VPAY-0390,2025-12-31,2000,"Accounts Payable",116719.09,0.00,"Vendor payment - Check/ACH 4022"
JE-VPAY-0390,2025-12-31,1000,"Cash and Cash Equivalents",0.00,116719.09,"Vendor payment - Check/ACH 4022"
JE-VPAY-0391,2025-12-27,2000,"Accounts Payable",27666.03,0.00,"Vendor payment - Check/ACH 4023"
JE-VPAY-0391,2025-12-27,1000,"Cash and Cash Equivalents",0.00,27666.03,"Vendor payment - Check/ACH 4023"
JE-VPAY-0392,2025-12-07,2000,"Accounts Payable",67437.74,0.00,"Vendor payment - Check/ACH 4024"
JE-VPAY-0392,2025-12-07,1000,"Cash and Cash Equivalents",0.00,67437.74,"Vendor payment - Check/ACH 4024"
JE-VPAY-0393,2025-12-17,2000,"Accounts Payable",29230.83,0.00,"Vendor payment - Check/ACH 4025"
JE-VPAY-0393,2025-12-17,1000,"Cash and Cash Equivalents",0.00,29230.83,"Vendor payment - Check/ACH 4025"
JE-VPAY-0394,2025-12-26,2000,"Accounts Payable",49197.90,0.00,"Vendor payment - Check/ACH 4026"
JE-VPAY-0394,2025-12-26,1000,"Cash and Cash Equivalents",0.00,49197.90,"Vendor payment - Check/ACH 4026"
JE-VPAY-0395,2025-12-31,2000,"Accounts Payable",71972.42,0.00,"Vendor payment - Check/ACH 4027"
JE-VPAY-0395,2025-12-31,1000,"Cash and Cash Equivalents",0.00,71972.42,"Vendor payment - Check/ACH 4027"
JE-VPAY-0396,2025-12-18,2000,"Accounts Payable",80645.99,0.00,"Vendor payment - Check/ACH 4028"
JE-VPAY-0396,2025-12-18,1000,"Cash and Cash Equivalents",0.00,80645.99,"Vendor payment - Check/ACH 4028"
JE-VPAY-0397,2025-12-28,2000,"Accounts Payable",67772.62,0.00,"Vendor payment - Check/ACH 4029"
JE-VPAY-0397,2025-12-28,1000,"Cash and Cash Equivalents",0.00,67772.62,"Vendor payment - Check/ACH 4029"
JE-VPAY-0398,2025-12-26,2000,"Accounts Payable",112990.91,0.00,"Vendor payment - Check/ACH 4030"
JE-VPAY-0398,2025-12-26,1000,"Cash and Cash Equivalents",0.00,112990.91,"Vendor payment - Check/ACH 4030"
JE-CPAY-0399,2025-12-20,2130,"Accrued Commissions",296379.43,0.00,"Commission payout"
JE-CPAY-0399,2025-12-20,1000,"Cash and Cash Equivalents",0.00,296379.43,"Commission payout"
JE-DEBT-0400,2025-12-15,2300,"Current Portion of Long-term Debt",83333.33,0.00,"Term loan principal payment"
JE-DEBT-0400,2025-12-15,1000,"Cash and Cash Equivalents",0.00,83333.33,"Term loan principal payment"
